Workbook
Name cfg_critical_below: Config!$C$4
Name cfg_high_below: Config!$C$5
Name cfg_medium_below: Config!$C$6
Name cfg_info_below: Config!$C$7
Name cfg_emit_normal: Config!$C$8
Name cfg_pstr_zero_threshold_kw: Config!$C$9
Name cfg_sibling_median_active_kw: Config!$C$10
Name cfg_min_active_siblings_pct: Config!$C$11
Name cfg_debounce_consecutive_steps: Config!$C$12
Name cfg_interval_minutes: Config!$C$13
Name cfg_pv_max: Config!$C$14
Name cfg_n_pv_total_in_workbook: Config!$C$15
Name cfg_poa_threshold_wm2: Config!$C$16
Name cfg_poa_floor_wm2: Config!$C$17
Name cfg_z_threshold: Config!$C$18
Name cfg_z_high_threshold: Config!$C$19
Name cfg_voc_ratio_threshold: Config!$C$20
Name cfg_stat_method: Config!$C$21
Name cfg_min_peer_strings: Config!$C$22
Name cfg_min_daylight_samples: Config!$C$23
Name cfg_i_clip_floor_a: Config!$C$24
Name cfg_i_threshold_a: Config!$C$25
Name cfg_min_voc_v: Config!$C$26
Name cfg_min_samples: Config!$C$27
Name cfg_hampel_window: Config!$C$28
Name cfg_hampel_max_deviation: Config!$C$29
Name cfg_enabled: Config!$C$30
Name cfg_default_source: Config!$C$31
Name panel_voc_stc_v: PanelSpec!$B$6
Name panel_vmp_stc_v: PanelSpec!$B$7
Name panel_imp_stc_a: PanelSpec!$B$8
Name panel_isc_stc_a: PanelSpec!$B$9
Name panel_pmax_stc_w: PanelSpec!$B$10
Name panel_voc_noct_v: PanelSpec!$B$11
Name panel_temp_coef_voc_pct_per_c: PanelSpec!$B$12
Name panel_temp_coef_pmax_pct_per_c: PanelSpec!$B$13
Name panel_temp_coef_isc_pct_per_c: PanelSpec!$B$14
Name panel_t_stc_c: PanelSpec!$B$15
Name panel_max_system_voltage_v: PanelSpec!$B$16
Name panel_default_modules_per_string: PanelSpec!$B$17
Name panel_modules_per_string_WB01: PanelSpec!$B$18
Name panel_modules_per_string_WB02: PanelSpec!$B$19
Name panel_modules_per_string_WB03_10: PanelSpec!$B$20
Name voc_per_module_calc: PanelSpec!$B$24
Name voc_string_24_calc: PanelSpec!$B$25
Name voc_string_26_calc: PanelSpec!$B$26
Name tcell_dummy_c: PanelSpec!$B$23
Name rstr_fleet_mean: M2b_PeerZScore!$B$15
Name rstr_fleet_median: M2b_PeerZScore!$B$16
Name rstr_fleet_std: M2b_PeerZScore!$B$17
Name cfg_oc_poa_threshold_wm2: Config!$C$32
Name cfg_oc_poa_floor_wm2: Config!$C$33
Name cfg_oc_i_ratio_threshold: Config!$C$34
Name cfg_oc_debounce_steps: Config!$C$35
Name cfg_oc_confidence_pct: Config!$C$36
Name cfg_oc_iq95_clip: Config!$C$37
Name cfg_gf_poa_threshold_wm2: Config!$C$38
Name cfg_gf_poa_floor_wm2: Config!$C$39
Name cfg_gf_v_abs_threshold: Config!$C$40
Name cfg_gf_adaptive_z_threshold: Config!$C$41

Sheet M2_Index
A1: M2 PV Performance — INDEKS Famili Detektor
A2: Peta tiap detektor → sinyal → fault_type → severity → status reproduksibilitas Excel. Workbook 45 detektor-sheet (di luar indeks ini). Detail: docs/M2_RE_0X_*.md + M2_Family_Summary.
A4: 1. Peta Detektor (9 aktif + 1 ML skeleton)
A5: # | B5: Detector | C5: Modul | D5: Sinyal utama | E5: fault_type | F5: Severity (ringkas) | G5: Sheet keputusan | H5: Status Excel
A6: 1 | B6: M2eAvailability | C6: availability.py | D6: uptime inverter & string (downtime menit) | E6: (severity-based) | F6: <90 CRIT · <95 HIGH · <97 MED · <99 INFO · ≥99 NORMAL | G6: M2e_Availability | H6: PENUH
A7: 2 | B7: M2bPeerZScore | C7: peer_zscore.py | D7: R_str=V/I → z-score peer + voc_ratio | E7: high_R | F7: |z|>3.5 HIGH · |z|>2.5 & voc_ratio>0.95 MED | G7: M2b_PeerZScore | H7: PENUH
A8: 3 | B8: M2bOpenCircuit | C8: open_circuit.py | D8: I/I_q95 < 5% (across siblings) + debounce 20 | E8: open_circuit | F8: CRITICAL (conf 95%) | G8: M2b_OpenCircuit | H8: PENUH
A9: 4 | B9: M2bGroundFault | C9: ground_fault.py | D9: V_to_ground absolute/adaptive + voc_ratio & I_z | E9: ground_fault | F9: spec+(abs|adp)=90 · spec/abs+adp=80 · abs=70 · adp=60 | G9: M2c_GroundFault | H9: PENUH*
A10: 5 | B10: M2bMpptRatio | C10: mppt_ratio.py | D10: I/median(partner se-MPPT) < 0.85 + debounce 20 | E10: mppt_partner_underperform | F10: rem<0.20 CRIT · <0.50 HIGH · else MED (conf 50–90) | G10: M2b_MpptRatio | H10: PENUH
A11: 6 | B11: M2IForest | C11: iforest.py | D11: IsolationForest 5-fitur (V,I,V_dev,I_dev,R) | E11: iforest_anomaly | F11: kuartil rank flagged: CRIT/HIGH/MED/INFO | G11: IF_Anomaly | H11: APPROKSIMASI
A12: 7 | B12: M2aLowIrradiance | C12: m2a/low_irradiance.py | D12: OLS slope PR_proxy vs POA (band low/mid) | E12: low_irradiance / general_underperform | F12: |slope_low|·r² → CRIT/HIGH/MED | G12: M2a_LowIrradiance | H12: PENUH
A13: 8 | B13: M2aShading | C13: m2a/shading.py | D13: CV antar-string per jam + PR + asimetri AM/PM | E13: shading_morning/afternoon/uniform | F13: 0.7·frac + 0.3·asym → CRIT/HIGH/MED | G13: M2a_Shading | H13: PENUH
A14: 9 | B14: M2aSoiling | C14: m2a/soiling.py (skeleton) | D14: rdtools SRR (Monte-Carlo) → ekonomi payback | E14: soiling_detected / cleaning_recommended / insufficient_data | F14: (p_loss,payback) → CRIT/HIGH/MED/INFO | G14: SO_Economics | H14: HILIR PENUH
A15: 10 | B15: M2bIntermittent (LSTM-AE) | C15: lstm_ae.py (skeleton, enabled=False) | D15: LSTM Autoencoder; reconstruction error window 24-jam (96×15-min) | E15: intermittent | F15: MEDIUM (conf 70) | G15: (tak ada — input-only) | H15: INPUT-ONLY
A17: Legenda Status Excel
A18: PENUH | B18: Direproduksi eksak sebagai formula live (verified vs source, selisih ~0).
A19: PENUH* | B19: Per-inverter math live & eksak; SATU input representatif: fleet V_gnd median/std (ground_fault).
A20: HILIR PENUH | B20: Semua hilir live & eksak; satu nilai = INPUT black-box: soiling_ratio dari SRR Monte-Carlo.
A21: APPROKSIMASI | B21: Struktur faithful tapi SKOR proxy (MAD), BUKAN skor IsolationForest asli — menandai sampel berbeda.
A22: INPUT-ONLY | B22: Jaringan PyTorch terlatih = black box; TAK ADA sheet & tak ada lapisan hilir bermakna (LSTM-AE). Lihat M2_RE_10.
A24: 2. Inventaris Sheet & Dokumen (per iterasi)
A25: Iterasi | B25: Detector | C25: Dokumen RE | D25: Sheet
A26: — | B26: Inti (shared) | C26: — | D26: README, Config
A27: 2 | B27: M2eAvailability | C27: (Iterasi 2) | D27: Raw_Data, EmptyPVMap, Helpers_M2e, M2e_Availability, M2e_AllStrings, Findings_Summary
A28: 3 | B28: M2bPeerZScore | C28: M2_RE_03 | D28: PanelSpec, Raw_Data_M2b, Meteo_Dummy, Helpers_M2b, M2b_PeerZScore, M2b_StringStatus, M2b_StatComparison, Hampel_Preprocessing
A29: 4 | B29: M2bOpenCircuit | C29: M2_RE_04 | D29: Raw_Data_OC, Helpers_OC, M2b_OpenCircuit, M2b_OC_StringStatus
A30: 5 | B30: M2bGroundFault | C30: M2_RE_05 | D30: Raw_Data_GF, Helpers_GF, GF_StringMetrics, M2c_GroundFault, M2c_GF_StringStatus
A31: 6 | B31: M2IForest | C31: M2_RE_06 | D31: Raw_Data_IF, Features_IF, IF_Anomaly, IF_Summary
A32: 7 | B32: M2aLowIrradiance | C32: M2_RE_07 | D32: Raw_Data_LI, Helpers_LI, M2a_LowIrradiance, LI_Summary
A33: 8 | B33: M2aShading | C33: M2_RE_08 | D33: Raw_Data_SH, Helpers_SH, SH_Hourly, M2a_Shading
A34: 9 | B34: M2aSoiling | C34: M2_RE_09 | D34: Raw_Data_SO, Helpers_SO, SO_Economics, SO_Summary
A35: 10 | B35: M2bIntermittent (LSTM-AE) | C35: M2_RE_10 | D35: (tak ada sheet — input-only; jaringan PyTorch terlatih)
A36: 11 | B36: M2bMpptRatio | C36: M2_RE_11 | D36: Raw_Data_MR, Helpers_MR, M2b_MpptRatio, M2b_MR_StringStatus

Sheet README
A1: M2 PV Performance — Workbook Excel
A2: Reverse engineering dari pv_pipeline/ (notebook 20260514stringmap_v1.5.ipynb)
A4: Iterasi log
A5: Iterasi | B5: Tanggal | C5: Detector | D5: Sheet yang ditambah
A6: 1 (Phase 1) | B6: 2026-05-28 | C6: — | D6: Hanya dokumen overview (.docx + .md). Belum ada Excel.
A7: 2 | B7: 2026-05-28 | C7: M2eAvailability | D7: README, Config, Raw_Data, EmptyPVMap, Helpers_M2e, M2e_Availability, M2e_AllStrings, Findings_Summary
A8: 3 | B8: 2026-05-28 | C8: M2bPeerZScore | D8: Meteo_Dummy, PanelSpec, Raw_Data_M2b, Helpers_M2b, M2b_PeerZScore, M2b_StringStatus, Hampel_Preprocessing, M2b_StatComparison
A9: 4 | B9: 2026-05-29 | C9: M2bOpenCircuit | D9: Raw_Data_OC, Helpers_OC, M2b_OpenCircuit, M2b_OC_StringStatus
A10: 5 | B10: 2026-05-30 | C10: M2bGroundFault | D10: Raw_Data_GF, Helpers_GF, GF_StringMetrics, M2c_GroundFault, M2c_GF_StringStatus
A11: 6 | B11: 2026-05-30 | C11: M2IForest (approx) | D11: Raw_Data_IF, Features_IF, IF_Anomaly, IF_Summary [APPROKSIMASI MAD — bukan true iForest]
A12: 7 | B12: 2026-05-30 | C12: M2aLowIrradiance | D12: Raw_Data_LI, Helpers_LI, M2a_LowIrradiance, LI_Summary (dibangun ulang 2026-09-28: relatif-tetangga)
A13: 8 | B13: 2026-05-30 | C13: M2aShading | D13: Raw_Data_SH, Helpers_SH, SH_Hourly, M2a_Shading
A14: 9 | B14: 2026-05-30 | C14: M2aSoiling (skeleton) | D14: Raw_Data_SO, Helpers_SO, SO_Economics, SO_Summary [SRR=input, ekonomi=live]
A15: 11 | B15: 2026-06-13 | C15: M2bMpptRatio | D15: Raw_Data_MR, Helpers_MR, M2b_MpptRatio, M2b_MR_StringStatus
A16: Cara membaca
A17: • Sheet 'Config' adalah single source of truth untuk semua threshold. Edit di sini → seluruh workbook recalc.
A18: • Sheet 'Raw_Data' berisi data dummy realistis. Ganti dengan data aktual mu (paste over) untuk pakai workbook ini di lapangan.
A19: • Sheet 'Helpers_M2e' adalah JEMBATAN antara Raw_Data dan M2e_Availability. Tiap kolom punya formula yang ekuivalen dengan satu langkah di pv_pipeline/availability.py.
A20: • Sheet 'M2e_Availability' menampilkan hasil akhir per inverter & per string + severity. Sheet 'M2e_AllStrings' mereplika output sheet xlsx Python.
A21: • Severity dihitung via IFS() dari uptime_pct ke threshold di Config.
A22: • Workbook ini akan TUMBUH per iterasi — sheet baru ditambah tanpa mengubah yang lama.

Sheet Config
A1: M2 Configuration (mirror config/m2_config.yaml)
A3: Section | B3: Key | C3: Value | D3: Unit / Notes
A4: m2e.severity | B4: critical_below | C4: 90 | D4: % uptime; < ini → CRITICAL
A5: m2e.severity | B5: high_below | C5: 95 | D5: % uptime; < ini → HIGH
A6: m2e.severity | B6: medium_below | C6: 97 | D6: % uptime; < ini → MEDIUM
A7: m2e.severity | B7: info_below | C7: 99 | D7: % uptime; < ini → INFO; ≥ ini → NORMAL
A8: m2e.severity | B8: emit_normal | C8: 0 | D8: 1=emit NORMAL findings, 0=skip
A9: m2e.string_proxy | B9: pstr_zero_threshold_kw | C9: 0.1 | D9: kW; PV power < ini → string dianggap mati
A10: m2e.string_proxy | B10: sibling_median_active_kw | C10: 1 | D10: kW; median sibling >= ini → timestamp 'produktif'
A11: m2e.string_proxy | B11: min_active_siblings_pct | C11: 50 | D11: %; minimum % sibling aktif → 'qualified' timestamp
A12: m2e.string_proxy | B12: debounce_consecutive_steps | C12: 2 | D12: step; run candidate >= ini → genuine event. DUMMY=2 (original spec). PRODUKSI IKN=20 (~1h40m persist).
A13: system | B13: interval_minutes | C13: 5 | D13: menit; median selisih Start Time (auto-detected, override saat dummy)
A14: system | B14: pv_max | C14: 28 | D14: PV string per inverter (hardcoded Huawei cap)
A15: system | B15: n_pv_total_in_workbook | C15: 5 | D15: PV string yang ada di sheet ini (PV1..PV5)
... A20: m2b | B20: voc_ratio_threshold | C20: 0.95 | D20: voc_actual/voc_string_nominal > ini → confirm high_R (spec 4.2.3)
A21: m2b | B21: stat_method | C21: median | D21: mean | median | both (z_primary picker)
A22: m2b | B22: min_peer_strings | C22: 3 | D22: min sibling per inverter untuk valid peer comparison
A23: m2b | B23: min_daylight_samples | C23: 10 | D23: min samples lulus POA gate per inverter
A24: m2b | B24: i_clip_floor_a | C24: 0.1 | D24: clip(lower=0.1A) untuk hindari divide-by-zero saat R=V/I
A25: voc_estimator | B25: i_threshold_a | C25: 0.5 | D25: I < ini → dianggap open-circuit (sunrise/sunset)
A26: voc_estimator | B26: min_voc_v | C26: 10 | D26: V > ini → buang zero-reading sample
A27: voc_estimator | B27: min_samples | C27: 3 | D27: minimum samples valid untuk median voc
A28: preprocessing | B28: hampel_window | C28: 15 | D28: samples; rolling window (75 menit @ 5-min)
A29: preprocessing | B29: hampel_max_deviation | C29: 3 | D29: MAD-sigma; |x - median| / MAD > ini → outlier
A30: preprocessing | B30: enabled | C30: 0 | D30: 1=apply Hampel cleaning, 0=skip (raw V/I)
A31: poa | B31: default_source | C31: pyranometer_avg | D31: single source di dummy (production: 5 sources)
A32: m2b_open_circuit | B32: poa_threshold_wm2 | C32: 700 | D32: W/m²; daylight gate utama (config override; spec 4.2.3 tulis 200)
A33: m2b_open_circuit | B33: poa_floor_wm2 | C33: 50 | D33: W/m²; hard floor sunset/twilight (sensor-lag protection)
A34: m2b_open_circuit | B34: i_ratio_threshold | C34: 0.05 | D34: I_string/I_q95 < ini → qualifying (spec 4.2.3: <5%)
A35: m2b_open_circuit | B35: debounce_consecutive_steps | C35: 20 | D35: qualifying harus ≥N step konsekutif → genuine event (~100min @5-min)
A36: m2b_open_circuit | B36: confidence_pct | C36: 95 | D36: confidence finding (spec 4.2.3)
A37: m2b_open_circuit | B37: iq95_clip_floor_a | C37: 0.01 | D37: clip(lower) I_q95 untuk hindari div-by-zero
A38: m2b_ground_fault | B38: poa_threshold_wm2 | C38: 200 | D38: W/m²; daylight gate (selaras spec 4.2.3 & default kode)
A39: m2b_ground_fault | B39: poa_floor_wm2 | C39: 50 | D39: W/m²; hard floor sunset/twilight
A40: m2b_ground_fault | B40: v_to_ground_abs_threshold_v | C40: 50 | D40: MAX|V_PV-ground| > ini → trigger 'absolute'
A41: m2b_ground_fault | B41: adaptive_z_threshold | C41: 3 | D41: |median-fleet|/std > ini → trigger 'adaptive'
A42: m2b_ground_fault | B42: voc_ratio_threshold | C42: 0.85 | D42: voc_ratio < ini (+i_z>2) → trigger 'spec_4.2.3'
A43: m2b_ground_fault | B43: i_high_z_threshold | C43: 2 | D43: peer I z-score > ini → arus abnormal tinggi (spec)
... A81: m2a_low_irradiance | B81: min_mid_samples | C81: 30 | D81: min sampel pita menengah (normalisasi e)

Sheet Raw_Data
A1: Raw_Data (dummy realistis — 2 inverter × 12 timestep)
A2: Skenario: INV01 punya PV3 fault 6-timestep; INV02 down 4-timestep. PV5 (kedua inverter) ada di EmptyPVMap.
A4: Inverter_ID | B4: Start Time | C4: Inverter status | D4: PV1 Power(kW) | E4: PV2 Power(kW) | F4: PV3 Power(kW) | G4: PV4 Power(kW) | H4: PV5 Power(kW)
A5: WB02-INV01 | B5: 46156.417 | C5: Grid connected | D5: 5 | E5: 4.9 | F5: 5.1 | G5: 5 | H5: 0
A6: WB02-INV01 | B6: 46156.42 | C6: Grid connected | D6: 5.05 | E6: 4.94 | F6: 5.1 | G6: 5.03 | H6: 0
A7: WB02-INV01 | B7: 46156.424 | C7: Grid connected | D7: 5.1 | E7: 4.98 | F7: 5.1 | G7: 5.06 | H7: 0
A8: WB02-INV01 | B8: 46156.427 | C8: Grid connected | D8: 5.15 | E8: 5.02 | F8: 0 | G8: 5 | H8: 0
A9: WB02-INV01 | B9: 46156.431 | C9: Grid connected | D9: 5 | E9: 5.06 | F9: 0 | G9: 5.03 | H9: 0
A10: WB02-INV01 | B10: 46156.434 | C10: Grid connected | D10: 5.05 | E10: 4.9 | F10: 0 | G10: 5.06 | H10: 0
A11: WB02-INV01 | B11: 46156.438 | C11: Grid connected | D11: 5.1 | E11: 4.94 | F11: 0 | G11: 5 | H11: 0
A12: WB02-INV01 | B12: 46156.441 | C12: Grid connected | D12: 5.15 | E12: 4.98 | F12: 0 | G12: 5.03 | H12: 0
A13: WB02-INV01 | B13: 46156.444 | C13: Grid connected | D13: 5 | E13: 5.02 | F13: 0 | G13: 5.06 | H13: 0
A14: WB02-INV01 | B14: 46156.448 | C14: Grid connected | D14: 5.05 | E14: 5.06 | F14: 5.1 | G14: 5 | H14: 0
A15: WB02-INV01 | B15: 46156.451 | C15: Grid connected | D15: 5.1 | E15: 4.9 | F15: 5.1 | G15: 5.03 | H15: 0
A16: WB02-INV01 | B16: 46156.455 | C16: Grid connected | D16: 5.15 | E16: 4.94 | F16: 5.1 | G16: 5.06 | H16: 0
... A28: WB02-INV02 | B28: 46156.455 | C28: Grid connected | D28: 5 | E28: 5 | F28: 5 | G28: 5 | H28: 0

Sheet EmptyPVMap
A1: EmptyPVMap — slot PV yang fisik tidak terpasang (skip dari peer comparison)
A2: Replica config/strings.yaml (245 inverter dalam file aktual). Di sini hanya entry yang relevan untuk dummy.
A4: Inverter_ID | B4: Empty PV indices (CSV) | C4: Note
A5: WB02-INV01 | B5: 5 | C5: DEMO: PV5 EMPTY by design
A6: WB02-INV02 | B6: 5 | C6: DEMO: PV5 EMPTY by design
A7: WB01-INV01 | B7: 19,20,21,22,23,24,25,26,27,28 | C7: Pola WB01 produksi (PV19-28 kosong)
A8: WB03-INV01 | C8: (contoh: tidak ada slot kosong)
A9: WB05-INV05 | B9: 5 | C9: DEMO M2b: PV5 EMPTY

Sheet Helpers_M2e
A1: Helpers_M2e — derived columns dari Raw_Data (per-row formulas)
A2: Setiap kolom = 1 langkah di pv_pipeline/availability.py. Edit Raw_Data → recalc otomatis.
A4: Inverter_ID | B4: Start Time | C4: status_raw | D4: _status_class | E4: sib_median_kW | F4: active_count | G4: active_pct | H4: qualified | I4: is_on | J4: cand_PV1 | K4: run_id_PV1 | L4: run_len_PV1 | M4: in_event_PV1 | N4: cand_PV2 | O4: run_id_PV2 | P4: run_len_PV2 | Q4: in_event_PV2 | R4: cand_PV3 | S4: run_id_PV3 | T4: run_len_PV3 | U4: in_event_PV3 | V4: cand_PV4 | W4: run_id_PV4 | X4: run_len_PV4 | Y4: in_event_PV4 | Z4: cand_PV5 | AA4: run_id_PV5 | AB4: run_len_PV5 | AC4: in_event_PV5
A5: =Raw_Data!A5 | B5: =Raw_Data!B5 | C5: =Raw_Data!C5 | D5: =IF(ISNUMBER(SEARCH("shutdown",LOWER(C5)))+ISNUMBER(SEARCH("fault",LOWER(C5))),"DOWN",IF(ISNUMBER(SEARCH("grid connected",LOWER(C5)))+ISNUMBER(SEARCH("on-grid",LOWER(C5))),"ON",IF(ISNUMBER(SEARCH("standby",LOWER(C5)))+ISNUMBER(SEARCH("no sunlight",LOWER(C5))),"TRANSITIONAL","UNKNOWN"))) | E5: =MEDIAN(Raw_Data!D5:H5) | F5: =COUNTIF(Raw_Data!D5:H5, ">"&cfg_pstr_zero_threshold_kw) | G5: =100*F5/cfg_n_pv_total_in_workbook | H5: =IF(AND(E5>=cfg_sibling_median_active_kw, G5>=cfg_min_active_siblings_pct),1,0) | I5: =IF(D5="ON",1,0) | J5: =IF(AND(I5=1, H5=1, Raw_Data!D5<cfg_pstr_zero_threshold_kw),1,0) | K5: =IF(J5=1,1,0) | L5: =IF(J5=1,COUNTIFS($A$5:$A$28,A5,$K$5:$K$28,K5,$J$5:$J$28,1),0) | M5: =IF(AND(J5=1, L5>=cfg_debounce_consecutive_steps),1,0) | N5: =IF(AND(I5=1, H5=1, Raw_Data!E5<cfg_pstr_zero_threshold_kw),1,0) | O5: =IF(N5=1,1,0) | P5: =IF(N5=1,COUNTIFS($A$5:$A$28,A5,$O$5:$O$28,O5,$N$5:$N$28,1),0) | Q5: =IF(AND(N5=1, P5>=cfg_debounce_consecutive_steps),1,0) | R5: =IF(AND(I5=1, H5=1, Raw_Data!F5<cfg_pstr_zero_threshold_kw),1,0) | S5: =IF(R5=1,1,0) | T5: =IF(R5=1,COUNTIFS($A$5:$A$28,A5,$S$5:$S$28,S5,$R$5:$R$28,1),0) | U5: =IF(AND(R5=1, T5>=cfg_debounce_consecutive_steps),1,0) | V5: =IF(AND(I5=1, H5=1, Raw_Data!G5<cfg_pstr_zero_threshold_kw),1,0) | W5: =IF(V5=1,1,0) | X5: =IF(V5=1,COUNTIFS($A$5:$A$28,A5,$W$5:$W$28,W5,$V$5:$V$28,1),0) | Y5: =IF(AND(V5=1, X5>=cfg_debounce_consecutive_steps),1,0) | Z5: =IF(AND(I5=1, H5=1, Raw_Data!H5<cfg_pstr_zero_threshold_kw),1,0) | AA5: =IF(Z5=1,1,0) | AB5: =IF(Z5=1,COUNTIFS($A$5:$A$28,A5,$AA$5:$AA$28,AA5,$Z$5:$Z$28,1),0) | AC5: =IF(AND(Z5=1, AB5>=cfg_debounce_consecutive_steps),1,0)
A6: =Raw_Data!A6 | B6: =Raw_Data!B6 | C6: =Raw_Data!C6 | D6: =IF(ISNUMBER(SEARCH("shutdown",LOWER(C6)))+ISNUMBER(SEARCH("fault",LOWER(C6))),"DOWN",IF(ISNUMBER(SEARCH("grid connected",LOWER(C6)))+ISNUMBER(SEARCH("on-grid",LOWER(C6))),"ON",IF(ISNUMBER(SEARCH("standby",LOWER(C6)))+ISNUMBER(SEARCH("no sunlight",LOWER(C6))),"TRANSITIONAL","UNKNOWN"))) | E6: =MEDIAN(Raw_Data!D6:H6) | F6: =COUNTIF(Raw_Data!D6:H6, ">"&cfg_pstr_zero_threshold_kw) | G6: =100*F6/cfg_n_pv_total_in_workbook | H6: =IF(AND(E6>=cfg_sibling_median_active_kw, G6>=cfg_min_active_siblings_pct),1,0) | I6: =IF(D6="ON",1,0) | J6: =IF(AND(I6=1, H6=1, Raw_Data!D6<cfg_pstr_zero_threshold_kw),1,0) | K6: =IF(A6<>A5,IF(J6=1, MAX($K$5:K5)+1, 0),IF(AND(J6=1, J5=0), K5+1,IF(J6=1, K5, K5))) | L6: =IF(J6=1,COUNTIFS($A$5:$A$28,A6,$K$5:$K$28,K6,$J$5:$J$28,1),0) | M6: =IF(AND(J6=1, L6>=cfg_debounce_consecutive_steps),1,0) | N6: =IF(AND(I6=1, H6=1, Raw_Data!E6<cfg_pstr_zero_threshold_kw),1,0) | O6: =IF(A6<>A5,IF(N6=1, MAX($O$5:O5)+1, 0),IF(AND(N6=1, N5=0), O5+1,IF(N6=1, O5, O5))) | P6: =IF(N6=1,COUNTIFS($A$5:$A$28,A6,$O$5:$O$28,O6,$N$5:$N$28,1),0) | Q6: =IF(AND(N6=1, P6>=cfg_debounce_consecutive_steps),1,0) | R6: =IF(AND(I6=1, H6=1, Raw_Data!F6<cfg_pstr_zero_threshold_kw),1,0) | S6: =IF(A6<>A5,IF(R6=1, MAX($S$5:S5)+1, 0),IF(AND(R6=1, R5=0), S5+1,IF(R6=1, S5, S5))) | T6: =IF(R6=1,COUNTIFS($A$5:$A$28,A6,$S$5:$S$28,S6,$R$5:$R$28,1),0) | U6: =IF(AND(R6=1, T6>=cfg_debounce_consecutive_steps),1,0) | V6: =IF(AND(I6=1, H6=1, Raw_Data!G6<cfg_pstr_zero_threshold_kw),1,0) | W6: =IF(A6<>A5,IF(V6=1, MAX($W$5:W5)+1, 0),IF(AND(V6=1, V5=0), W5+1,IF(V6=1, W5, W5))) | X6: =IF(V6=1,COUNTIFS($A$5:$A$28,A6,$W$5:$W$28,W6,$V$5:$V$28,1),0) | Y6: =IF(AND(V6=1, X6>=cfg_debounce_consecutive_steps),1,0) | Z6: =IF(AND(I6=1, H6=1, Raw_Data!H6<cfg_pstr_zero_threshold_kw),1,0) | AA6: =IF(A6<>A5,IF(Z6=1, MAX($AA$5:AA5)+1, 0),IF(AND(Z6=1, Z5=0), AA5+1,IF(Z6=1, AA5, AA5))) | AB6: =IF(Z6=1,COUNTIFS($A$5:$A$28,A6,$AA$5:$AA$28,AA6,$Z$5:$Z$28,1),0) | AC6: =IF(AND(Z6=1, AB6>=cfg_debounce_consecutive_steps),1,0)
A7: =Raw_Data!A7 | B7: =Raw_Data!B7 | C7: =Raw_Data!C7 | D7: =IF(ISNUMBER(SEARCH("shutdown",LOWER(C7)))+ISNUMBER(SEARCH("fault",LOWER(C7))),"DOWN",IF(ISNUMBER(SEARCH("grid connected",LOWER(C7)))+ISNUMBER(SEARCH("on-grid",LOWER(C7))),"ON",IF(ISNUMBER(SEARCH("standby",LOWER(C7)))+ISNUMBER(SEARCH("no sunlight",LOWER(C7))),"TRANSITIONAL","UNKNOWN"))) | E7: =MEDIAN(Raw_Data!D7:H7) | F7: =COUNTIF(Raw_Data!D7:H7, ">"&cfg_pstr_zero_threshold_kw) | G7: =100*F7/cfg_n_pv_total_in_workbook | H7: =IF(AND(E7>=cfg_sibling_median_active_kw, G7>=cfg_min_active_siblings_pct),1,0) | I7: =IF(D7="ON",1,0) | J7: =IF(AND(I7=1, H7=1, Raw_Data!D7<cfg_pstr_zero_threshold_kw),1,0) | K7: =IF(A7<>A6,IF(J7=1, MAX($K$5:K6)+1, 0),IF(AND(J7=1, J6=0), K6+1,IF(J7=1, K6, K6))) | L7: =IF(J7=1,COUNTIFS($A$5:$A$28,A7,$K$5:$K$28,K7,$J$5:$J$28,1),0) | M7: =IF(AND(J7=1, L7>=cfg_debounce_consecutive_steps),1,0) | N7: =IF(AND(I7=1, H7=1, Raw_Data!E7<cfg_pstr_zero_threshold_kw),1,0) | O7: =IF(A7<>A6,IF(N7=1, MAX($O$5:O6)+1, 0),IF(AND(N7=1, N6=0), O6+1,IF(N7=1, O6, O6))) | P7: =IF(N7=1,COUNTIFS($A$5:$A$28,A7,$O$5:$O$28,O7,$N$5:$N$28,1),0) | Q7: =IF(AND(N7=1, P7>=cfg_debounce_consecutive_steps),1,0) | R7: =IF(AND(I7=1, H7=1, Raw_Data!F7<cfg_pstr_zero_threshold_kw),1,0) | S7: =IF(A7<>A6,IF(R7=1, MAX($S$5:S6)+1, 0),IF(AND(R7=1, R6=0), S6+1,IF(R7=1, S6, S6))) | T7: =IF(R7=1,COUNTIFS($A$5:$A$28,A7,$S$5:$S$28,S7,$R$5:$R$28,1),0) | U7: =IF(AND(R7=1, T7>=cfg_debounce_consecutive_steps),1,0) | V7: =IF(AND(I7=1, H7=1, Raw_Data!G7<cfg_pstr_zero_threshold_kw),1,0) | W7: =IF(A7<>A6,IF(V7=1, MAX($W$5:W6)+1, 0),IF(AND(V7=1, V6=0), W6+1,IF(V7=1, W6, W6))) | X7: =IF(V7=1,COUNTIFS($A$5:$A$28,A7,$W$5:$W$28,W7,$V$5:$V$28,1),0) | Y7: =IF(AND(V7=1, X7>=cfg_debounce_consecutive_steps),1,0) | Z7: =IF(AND(I7=1, H7=1, Raw_Data!H7<cfg_pstr_zero_threshold_kw),1,0) | AA7: =IF(A7<>A6,IF(Z7=1, MAX($AA$5:AA6)+1, 0),IF(AND(Z7=1, Z6=0), AA6+1,IF(Z7=1, AA6, AA6))) | AB7: =IF(Z7=1,COUNTIFS($A$5:$A$28,A7,$AA$5:$AA$28,AA7,$Z$5:$Z$28,1),0) | AC7: =IF(AND(Z7=1, AB7>=cfg_debounce_consecutive_steps),1,0)
A8: =Raw_Data!A8 | B8: =Raw_Data!B8 | C8: =Raw_Data!C8 | D8: =IF(ISNUMBER(SEARCH("shutdown",LOWER(C8)))+ISNUMBER(SEARCH("fault",LOWER(C8))),"DOWN",IF(ISNUMBER(SEARCH("grid connected",LOWER(C8)))+ISNUMBER(SEARCH("on-grid",LOWER(C8))),"ON",IF(ISNUMBER(SEARCH("standby",LOWER(C8)))+ISNUMBER(SEARCH("no sunlight",LOWER(C8))),"TRANSITIONAL","UNKNOWN"))) | E8: =MEDIAN(Raw_Data!D8:H8) | F8: =COUNTIF(Raw_Data!D8:H8, ">"&cfg_pstr_zero_threshold_kw) | G8: =100*F8/cfg_n_pv_total_in_workbook | H8: =IF(AND(E8>=cfg_sibling_median_active_kw, G8>=cfg_min_active_siblings_pct),1,0) | I8: =IF(D8="ON",1,0) | J8: =IF(AND(I8=1, H8=1, Raw_Data!D8<cfg_pstr_zero_threshold_kw),1,0) | K8: =IF(A8<>A7,IF(J8=1, MAX($K$5:K7)+1, 0),IF(AND(J8=1, J7=0), K7+1,IF(J8=1, K7, K7))) | L8: =IF(J8=1,COUNTIFS($A$5:$A$28,A8,$K$5:$K$28,K8,$J$5:$J$28,1),0) | M8: =IF(AND(J8=1, L8>=cfg_debounce_consecutive_steps),1,0) | N8: =IF(AND(I8=1, H8=1, Raw_Data!E8<cfg_pstr_zero_threshold_kw),1,0) | O8: =IF(A8<>A7,IF(N8=1, MAX($O$5:O7)+1, 0),IF(AND(N8=1, N7=0), O7+1,IF(N8=1, O7, O7))) | P8: =IF(N8=1,COUNTIFS($A$5:$A$28,A8,$O$5:$O$28,O8,$N$5:$N$28,1),0) | Q8: =IF(AND(N8=1, P8>=cfg_debounce_consecutive_steps),1,0) | R8: =IF(AND(I8=1, H8=1, Raw_Data!F8<cfg_pstr_zero_threshold_kw),1,0) | S8: =IF(A8<>A7,IF(R8=1, MAX($S$5:S7)+1, 0),IF(AND(R8=1, R7=0), S7+1,IF(R8=1, S7, S7))) | T8: =IF(R8=1,COUNTIFS($A$5:$A$28,A8,$S$5:$S$28,S8,$R$5:$R$28,1),0) | U8: =IF(AND(R8=1, T8>=cfg_debounce_consecutive_steps),1,0) | V8: =IF(AND(I8=1, H8=1, Raw_Data!G8<cfg_pstr_zero_threshold_kw),1,0) | W8: =IF(A8<>A7,IF(V8=1, MAX($W$5:W7)+1, 0),IF(AND(V8=1, V7=0), W7+1,IF(V8=1, W7, W7))) | X8: =IF(V8=1,COUNTIFS($A$5:$A$28,A8,$W$5:$W$28,W8,$V$5:$V$28,1),0) | Y8: =IF(AND(V8=1, X8>=cfg_debounce_consecutive_steps),1,0) | Z8: =IF(AND(I8=1, H8=1, Raw_Data!H8<cfg_pstr_zero_threshold_kw),1,0) | AA8: =IF(A8<>A7,IF(Z8=1, MAX($AA$5:AA7)+1, 0),IF(AND(Z8=1, Z7=0), AA7+1,IF(Z8=1, AA7, AA7))) | AB8: =IF(Z8=1,COUNTIFS($A$5:$A$28,A8,$AA$5:$AA$28,AA8,$Z$5:$Z$28,1),0) | AC8: =IF(AND(Z8=1, AB8>=cfg_debounce_consecutive_steps),1,0)
A9: =Raw_Data!A9 | B9: =Raw_Data!B9 | C9: =Raw_Data!C9 | D9: =IF(ISNUMBER(SEARCH("shutdown",LOWER(C9)))+ISNUMBER(SEARCH("fault",LOWER(C9))),"DOWN",IF(ISNUMBER(SEARCH("grid connected",LOWER(C9)))+ISNUMBER(SEARCH("on-grid",LOWER(C9))),"ON",IF(ISNUMBER(SEARCH("standby",LOWER(C9)))+ISNUMBER(SEARCH("no sunlight",LOWER(C9))),"TRANSITIONAL","UNKNOWN"))) | E9: =MEDIAN(Raw_Data!D9:H9) | F9: =COUNTIF(Raw_Data!D9:H9, ">"&cfg_pstr_zero_threshold_kw) | G9: =100*F9/cfg_n_pv_total_in_workbook | H9: =IF(AND(E9>=cfg_sibling_median_active_kw, G9>=cfg_min_active_siblings_pct),1,0) | I9: =IF(D9="ON",1,0) | J9: =IF(AND(I9=1, H9=1, Raw_Data!D9<cfg_pstr_zero_threshold_kw),1,0) | K9: =IF(A9<>A8,IF(J9=1, MAX($K$5:K8)+1, 0),IF(AND(J9=1, J8=0), K8+1,IF(J9=1, K8, K8))) | L9: =IF(J9=1,COUNTIFS($A$5:$A$28,A9,$K$5:$K$28,K9,$J$5:$J$28,1),0) | M9: =IF(AND(J9=1, L9>=cfg_debounce_consecutive_steps),1,0) | N9: =IF(AND(I9=1, H9=1, Raw_Data!E9<cfg_pstr_zero_threshold_kw),1,0) | O9: =IF(A9<>A8,IF(N9=1, MAX($O$5:O8)+1, 0),IF(AND(N9=1, N8=0), O8+1,IF(N9=1, O8, O8))) | P9: =IF(N9=1,COUNTIFS($A$5:$A$28,A9,$O$5:$O$28,O9,$N$5:$N$28,1),0) | Q9: =IF(AND(N9=1, P9>=cfg_debounce_consecutive_steps),1,0) | R9: =IF(AND(I9=1, H9=1, Raw_Data!F9<cfg_pstr_zero_threshold_kw),1,0) | S9: =IF(A9<>A8,IF(R9=1, MAX($S$5:S8)+1, 0),IF(AND(R9=1, R8=0), S8+1,IF(R9=1, S8, S8))) | T9: =IF(R9=1,COUNTIFS($A$5:$A$28,A9,$S$5:$S$28,S9,$R$5:$R$28,1),0) | U9: =IF(AND(R9=1, T9>=cfg_debounce_consecutive_steps),1,0) | V9: =IF(AND(I9=1, H9=1, Raw_Data!G9<cfg_pstr_zero_threshold_kw),1,0) | W9: =IF(A9<>A8,IF(V9=1, MAX($W$5:W8)+1, 0),IF(AND(V9=1, V8=0), W8+1,IF(V9=1, W8, W8))) | X9: =IF(V9=1,COUNTIFS($A$5:$A$28,A9,$W$5:$W$28,W9,$V$5:$V$28,1),0) | Y9: =IF(AND(V9=1, X9>=cfg_debounce_consecutive_steps),1,0) | Z9: =IF(AND(I9=1, H9=1, Raw_Data!H9<cfg_pstr_zero_threshold_kw),1,0) | AA9: =IF(A9<>A8,IF(Z9=1, MAX($AA$5:AA8)+1, 0),IF(AND(Z9=1, Z8=0), AA8+1,IF(Z9=1, AA8, AA8))) | AB9: =IF(Z9=1,COUNTIFS($A$5:$A$28,A9,$AA$5:$AA$28,AA9,$Z$5:$Z$28,1),0) | AC9: =IF(AND(Z9=1, AB9>=cfg_debounce_consecutive_steps),1,0)
A10: =Raw_Data!A10 | B10: =Raw_Data!B10 | C10: =Raw_Data!C10 | D10: =IF(ISNUMBER(SEARCH("shutdown",LOWER(C10)))+ISNUMBER(SEARCH("fault",LOWER(C10))),"DOWN",IF(ISNUMBER(SEARCH("grid connected",LOWER(C10)))+ISNUMBER(SEARCH("on-grid",LOWER(C10))),"ON",IF(ISNUMBER(SEARCH("standby",LOWER(C10)))+ISNUMBER(SEARCH("no sunlight",LOWER(C10))),"TRANSITIONAL","UNKNOWN"))) | E10: =MEDIAN(Raw_Data!D10:H10) | F10: =COUNTIF(Raw_Data!D10:H10, ">"&cfg_pstr_zero_threshold_kw) | G10: =100*F10/cfg_n_pv_total_in_workbook | H10: =IF(AND(E10>=cfg_sibling_median_active_kw, G10>=cfg_min_active_siblings_pct),1,0) | I10: =IF(D10="ON",1,0) | J10: =IF(AND(I10=1, H10=1, Raw_Data!D10<cfg_pstr_zero_threshold_kw),1,0) | K10: =IF(A10<>A9,IF(J10=1, MAX($K$5:K9)+1, 0),IF(AND(J10=1, J9=0), K9+1,IF(J10=1, K9, K9))) | L10: =IF(J10=1,COUNTIFS($A$5:$A$28,A10,$K$5:$K$28,K10,$J$5:$J$28,1),0) | M10: =IF(AND(J10=1, L10>=cfg_debounce_consecutive_steps),1,0) | N10: =IF(AND(I10=1, H10=1, Raw_Data!E10<cfg_pstr_zero_threshold_kw),1,0) | O10: =IF(A10<>A9,IF(N10=1, MAX($O$5:O9)+1, 0),IF(AND(N10=1, N9=0), O9+1,IF(N10=1, O9, O9))) | P10: =IF(N10=1,COUNTIFS($A$5:$A$28,A10,$O$5:$O$28,O10,$N$5:$N$28,1),0) | Q10: =IF(AND(N10=1, P10>=cfg_debounce_consecutive_steps),1,0) | R10: =IF(AND(I10=1, H10=1, Raw_Data!F10<cfg_pstr_zero_threshold_kw),1,0) | S10: =IF(A10<>A9,IF(R10=1, MAX($S$5:S9)+1, 0),IF(AND(R10=1, R9=0), S9+1,IF(R10=1, S9, S9))) | T10: =IF(R10=1,COUNTIFS($A$5:$A$28,A10,$S$5:$S$28,S10,$R$5:$R$28,1),0) | U10: =IF(AND(R10=1, T10>=cfg_debounce_consecutive_steps),1,0) | V10: =IF(AND(I10=1, H10=1, Raw_Data!G10<cfg_pstr_zero_threshold_kw),1,0) | W10: =IF(A10<>A9,IF(V10=1, MAX($W$5:W9)+1, 0),IF(AND(V10=1, V9=0), W9+1,IF(V10=1, W9, W9))) | X10: =IF(V10=1,COUNTIFS($A$5:$A$28,A10,$W$5:$W$28,W10,$V$5:$V$28,1),0) | Y10: =IF(AND(V10=1, X10>=cfg_debounce_consecutive_steps),1,0) | Z10: =IF(AND(I10=1, H10=1, Raw_Data!H10<cfg_pstr_zero_threshold_kw),1,0) | AA10: =IF(A10<>A9,IF(Z10=1, MAX($AA$5:AA9)+1, 0),IF(AND(Z10=1, Z9=0), AA9+1,IF(Z10=1, AA9, AA9))) | AB10: =IF(Z10=1,COUNTIFS($A$5:$A$28,A10,$AA$5:$AA$28,AA10,$Z$5:$Z$28,1),0) | AC10: =IF(AND(Z10=1, AB10>=cfg_debounce_consecutive_steps),1,0)
A11: =Raw_Data!A11 | B11: =Raw_Data!B11 | C11: =Raw_Data!C11 | D11: =IF(ISNUMBER(SEARCH("shutdown",LOWER(C11)))+ISNUMBER(SEARCH("fault",LOWER(C11))),"DOWN",IF(ISNUMBER(SEARCH("grid connected",LOWER(C11)))+ISNUMBER(SEARCH("on-grid",LOWER(C11))),"ON",IF(ISNUMBER(SEARCH("standby",LOWER(C11)))+ISNUMBER(SEARCH("no sunlight",LOWER(C11))),"TRANSITIONAL","UNKNOWN"))) | E11: =MEDIAN(Raw_Data!D11:H11) | F11: =COUNTIF(Raw_Data!D11:H11, ">"&cfg_pstr_zero_threshold_kw) | G11: =100*F11/cfg_n_pv_total_in_workbook | H11: =IF(AND(E11>=cfg_sibling_median_active_kw, G11>=cfg_min_active_siblings_pct),1,0) | I11: =IF(D11="ON",1,0) | J11: =IF(AND(I11=1, H11=1, Raw_Data!D11<cfg_pstr_zero_threshold_kw),1,0) | K11: =IF(A11<>A10,IF(J11=1, MAX($K$5:K10)+1, 0),IF(AND(J11=1, J10=0), K10+1,IF(J11=1, K10, K10))) | L11: =IF(J11=1,COUNTIFS($A$5:$A$28,A11,$K$5:$K$28,K11,$J$5:$J$28,1),0) | M11: =IF(AND(J11=1, L11>=cfg_debounce_consecutive_steps),1,0) | N11: =IF(AND(I11=1, H11=1, Raw_Data!E11<cfg_pstr_zero_threshold_kw),1,0) | O11: =IF(A11<>A10,IF(N11=1, MAX($O$5:O10)+1, 0),IF(AND(N11=1, N10=0), O10+1,IF(N11=1, O10, O10))) | P11: =IF(N11=1,COUNTIFS($A$5:$A$28,A11,$O$5:$O$28,O11,$N$5:$N$28,1),0) | Q11: =IF(AND(N11=1, P11>=cfg_debounce_consecutive_steps),1,0) | R11: =IF(AND(I11=1, H11=1, Raw_Data!F11<cfg_pstr_zero_threshold_kw),1,0) | S11: =IF(A11<>A10,IF(R11=1, MAX($S$5:S10)+1, 0),IF(AND(R11=1, R10=0), S10+1,IF(R11=1, S10, S10))) | T11: =IF(R11=1,COUNTIFS($A$5:$A$28,A11,$S$5:$S$28,S11,$R$5:$R$28,1),0) | U11: =IF(AND(R11=1, T11>=cfg_debounce_consecutive_steps),1,0) | V11: =IF(AND(I11=1, H11=1, Raw_Data!G11<cfg_pstr_zero_threshold_kw),1,0) | W11: =IF(A11<>A10,IF(V11=1, MAX($W$5:W10)+1, 0),IF(AND(V11=1, V10=0), W10+1,IF(V11=1, W10, W10))) | X11: =IF(V11=1,COUNTIFS($A$5:$A$28,A11,$W$5:$W$28,W11,$V$5:$V$28,1),0) | Y11: =IF(AND(V11=1, X11>=cfg_debounce_consecutive_steps),1,0) | Z11: =IF(AND(I11=1, H11=1, Raw_Data!H11<cfg_pstr_zero_threshold_kw),1,0) | AA11: =IF(A11<>A10,IF(Z11=1, MAX($AA$5:AA10)+1, 0),IF(AND(Z11=1, Z10=0), AA10+1,IF(Z11=1, AA10, AA10))) | AB11: =IF(Z11=1,COUNTIFS($A$5:$A$28,A11,$AA$5:$AA$28,AA11,$Z$5:$Z$28,1),0) | AC11: =IF(AND(Z11=1, AB11>=cfg_debounce_consecutive_steps),1,0)
A12: =Raw_Data!A12 | B12: =Raw_Data!B12 | C12: =Raw_Data!C12 | D12: =IF(ISNUMBER(SEARCH("shutdown",LOWER(C12)))+ISNUMBER(SEARCH("fault",LOWER(C12))),"DOWN",IF(ISNUMBER(SEARCH("grid connected",LOWER(C12)))+ISNUMBER(SEARCH("on-grid",LOWER(C12))),"ON",IF(ISNUMBER(SEARCH("standby",LOWER(C12)))+ISNUMBER(SEARCH("no sunlight",LOWER(C12))),"TRANSITIONAL","UNKNOWN"))) | E12: =MEDIAN(Raw_Data!D12:H12) | F12: =COUNTIF(Raw_Data!D12:H12, ">"&cfg_pstr_zero_threshold_kw) | G12: =100*F12/cfg_n_pv_total_in_workbook | H12: =IF(AND(E12>=cfg_sibling_median_active_kw, G12>=cfg_min_active_siblings_pct),1,0) | I12: =IF(D12="ON",1,0) | J12: =IF(AND(I12=1, H12=1, Raw_Data!D12<cfg_pstr_zero_threshold_kw),1,0) | K12: =IF(A12<>A11,IF(J12=1, MAX($K$5:K11)+1, 0),IF(AND(J12=1, J11=0), K11+1,IF(J12=1, K11, K11))) | L12: =IF(J12=1,COUNTIFS($A$5:$A$28,A12,$K$5:$K$28,K12,$J$5:$J$28,1),0) | M12: =IF(AND(J12=1, L12>=cfg_debounce_consecutive_steps),1,0) | N12: =IF(AND(I12=1, H12=1, Raw_Data!E12<cfg_pstr_zero_threshold_kw),1,0) | O12: =IF(A12<>A11,IF(N12=1, MAX($O$5:O11)+1, 0),IF(AND(N12=1, N11=0), O11+1,IF(N12=1, O11, O11))) | P12: =IF(N12=1,COUNTIFS($A$5:$A$28,A12,$O$5:$O$28,O12,$N$5:$N$28,1),0) | Q12: =IF(AND(N12=1, P12>=cfg_debounce_consecutive_steps),1,0) | R12: =IF(AND(I12=1, H12=1, Raw_Data!F12<cfg_pstr_zero_threshold_kw),1,0) | S12: =IF(A12<>A11,IF(R12=1, MAX($S$5:S11)+1, 0),IF(AND(R12=1, R11=0), S11+1,IF(R12=1, S11, S11))) | T12: =IF(R12=1,COUNTIFS($A$5:$A$28,A12,$S$5:$S$28,S12,$R$5:$R$28,1),0) | U12: =IF(AND(R12=1, T12>=cfg_debounce_consecutive_steps),1,0) | V12: =IF(AND(I12=1, H12=1, Raw_Data!G12<cfg_pstr_zero_threshold_kw),1,0) | W12: =IF(A12<>A11,IF(V12=1, MAX($W$5:W11)+1, 0),IF(AND(V12=1, V11=0), W11+1,IF(V12=1, W11, W11))) | X12: =IF(V12=1,COUNTIFS($A$5:$A$28,A12,$W$5:$W$28,W12,$V$5:$V$28,1),0) | Y12: =IF(AND(V12=1, X12>=cfg_debounce_consecutive_steps),1,0) | Z12: =IF(AND(I12=1, H12=1, Raw_Data!H12<cfg_pstr_zero_threshold_kw),1,0) | AA12: =IF(A12<>A11,IF(Z12=1, MAX($AA$5:AA11)+1, 0),IF(AND(Z12=1, Z11=0), AA11+1,IF(Z12=1, AA11, AA11))) | AB12: =IF(Z12=1,COUNTIFS($A$5:$A$28,A12,$AA$5:$AA$28,AA12,$Z$5:$Z$28,1),0) | AC12: =IF(AND(Z12=1, AB12>=cfg_debounce_consecutive_steps),1,0)
A13: =Raw_Data!A13 | B13: =Raw_Data!B13 | C13: =Raw_Data!C13 | D13: =IF(ISNUMBER(SEARCH("shutdown",LOWER(C13)))+ISNUMBER(SEARCH("fault",LOWER(C13))),"DOWN",IF(ISNUMBER(SEARCH("grid connected",LOWER(C13)))+ISNUMBER(SEARCH("on-grid",LOWER(C13))),"ON",IF(ISNUMBER(SEARCH("standby",LOWER(C13)))+ISNUMBER(SEARCH("no sunlight",LOWER(C13))),"TRANSITIONAL","UNKNOWN"))) | E13: =MEDIAN(Raw_Data!D13:H13) | F13: =COUNTIF(Raw_Data!D13:H13, ">"&cfg_pstr_zero_threshold_kw) | G13: =100*F13/cfg_n_pv_total_in_workbook | H13: =IF(AND(E13>=cfg_sibling_median_active_kw, G13>=cfg_min_active_siblings_pct),1,0) | I13: =IF(D13="ON",1,0) | J13: =IF(AND(I13=1, H13=1, Raw_Data!D13<cfg_pstr_zero_threshold_kw),1,0) | K13: =IF(A13<>A12,IF(J13=1, MAX($K$5:K12)+1, 0),IF(AND(J13=1, J12=0), K12+1,IF(J13=1, K12, K12))) | L13: =IF(J13=1,COUNTIFS($A$5:$A$28,A13,$K$5:$K$28,K13,$J$5:$J$28,1),0) | M13: =IF(AND(J13=1, L13>=cfg_debounce_consecutive_steps),1,0) | N13: =IF(AND(I13=1, H13=1, Raw_Data!E13<cfg_pstr_zero_threshold_kw),1,0) | O13: =IF(A13<>A12,IF(N13=1, MAX($O$5:O12)+1, 0),IF(AND(N13=1, N12=0), O12+1,IF(N13=1, O12, O12))) | P13: =IF(N13=1,COUNTIFS($A$5:$A$28,A13,$O$5:$O$28,O13,$N$5:$N$28,1),0) | Q13: =IF(AND(N13=1, P13>=cfg_debounce_consecutive_steps),1,0) | R13: =IF(AND(I13=1, H13=1, Raw_Data!F13<cfg_pstr_zero_threshold_kw),1,0) | S13: =IF(A13<>A12,IF(R13=1, MAX($S$5:S12)+1, 0),IF(AND(R13=1, R12=0), S12+1,IF(R13=1, S12, S12))) | T13: =IF(R13=1,COUNTIFS($A$5:$A$28,A13,$S$5:$S$28,S13,$R$5:$R$28,1),0) | U13: =IF(AND(R13=1, T13>=cfg_debounce_consecutive_steps),1,0) | V13: =IF(AND(I13=1, H13=1, Raw_Data!G13<cfg_pstr_zero_threshold_kw),1,0) | W13: =IF(A13<>A12,IF(V13=1, MAX($W$5:W12)+1, 0),IF(AND(V13=1, V12=0), W12+1,IF(V13=1, W12, W12))) | X13: =IF(V13=1,COUNTIFS($A$5:$A$28,A13,$W$5:$W$28,W13,$V$5:$V$28,1),0) | Y13: =IF(AND(V13=1, X13>=cfg_debounce_consecutive_steps),1,0) | Z13: =IF(AND(I13=1, H13=1, Raw_Data!H13<cfg_pstr_zero_threshold_kw),1,0) | AA13: =IF(A13<>A12,IF(Z13=1, MAX($AA$5:AA12)+1, 0),IF(AND(Z13=1, Z12=0), AA12+1,IF(Z13=1, AA12, AA12))) | AB13: =IF(Z13=1,COUNTIFS($A$5:$A$28,A13,$AA$5:$AA$28,AA13,$Z$5:$Z$28,1),0) | AC13: =IF(AND(Z13=1, AB13>=cfg_debounce_consecutive_steps),1,0)
A14: =Raw_Data!A14 | B14: =Raw_Data!B14 | C14: =Raw_Data!C14 | D14: =IF(ISNUMBER(SEARCH("shutdown",LOWER(C14)))+ISNUMBER(SEARCH("fault",LOWER(C14))),"DOWN",IF(ISNUMBER(SEARCH("grid connected",LOWER(C14)))+ISNUMBER(SEARCH("on-grid",LOWER(C14))),"ON",IF(ISNUMBER(SEARCH("standby",LOWER(C14)))+ISNUMBER(SEARCH("no sunlight",LOWER(C14))),"TRANSITIONAL","UNKNOWN"))) | E14: =MEDIAN(Raw_Data!D14:H14) | F14: =COUNTIF(Raw_Data!D14:H14, ">"&cfg_pstr_zero_threshold_kw) | G14: =100*F14/cfg_n_pv_total_in_workbook | H14: =IF(AND(E14>=cfg_sibling_median_active_kw, G14>=cfg_min_active_siblings_pct),1,0) | I14: =IF(D14="ON",1,0) | J14: =IF(AND(I14=1, H14=1, Raw_Data!D14<cfg_pstr_zero_threshold_kw),1,0) | K14: =IF(A14<>A13,IF(J14=1, MAX($K$5:K13)+1, 0),IF(AND(J14=1, J13=0), K13+1,IF(J14=1, K13, K13))) | L14: =IF(J14=1,COUNTIFS($A$5:$A$28,A14,$K$5:$K$28,K14,$J$5:$J$28,1),0) | M14: =IF(AND(J14=1, L14>=cfg_debounce_consecutive_steps),1,0) | N14: =IF(AND(I14=1, H14=1, Raw_Data!E14<cfg_pstr_zero_threshold_kw),1,0) | O14: =IF(A14<>A13,IF(N14=1, MAX($O$5:O13)+1, 0),IF(AND(N14=1, N13=0), O13+1,IF(N14=1, O13, O13))) | P14: =IF(N14=1,COUNTIFS($A$5:$A$28,A14,$O$5:$O$28,O14,$N$5:$N$28,1),0) | Q14: =IF(AND(N14=1, P14>=cfg_debounce_consecutive_steps),1,0) | R14: =IF(AND(I14=1, H14=1, Raw_Data!F14<cfg_pstr_zero_threshold_kw),1,0) | S14: =IF(A14<>A13,IF(R14=1, MAX($S$5:S13)+1, 0),IF(AND(R14=1, R13=0), S13+1,IF(R14=1, S13, S13))) | T14: =IF(R14=1,COUNTIFS($A$5:$A$28,A14,$S$5:$S$28,S14,$R$5:$R$28,1),0) | U14: =IF(AND(R14=1, T14>=cfg_debounce_consecutive_steps),1,0) | V14: =IF(AND(I14=1, H14=1, Raw_Data!G14<cfg_pstr_zero_threshold_kw),1,0) | W14: =IF(A14<>A13,IF(V14=1, MAX($W$5:W13)+1, 0),IF(AND(V14=1, V13=0), W13+1,IF(V14=1, W13, W13))) | X14: =IF(V14=1,COUNTIFS($A$5:$A$28,A14,$W$5:$W$28,W14,$V$5:$V$28,1),0) | Y14: =IF(AND(V14=1, X14>=cfg_debounce_consecutive_steps),1,0) | Z14: =IF(AND(I14=1, H14=1, Raw_Data!H14<cfg_pstr_zero_threshold_kw),1,0) | AA14: =IF(A14<>A13,IF(Z14=1, MAX($AA$5:AA13)+1, 0),IF(AND(Z14=1, Z13=0), AA13+1,IF(Z14=1, AA13, AA13))) | AB14: =IF(Z14=1,COUNTIFS($A$5:$A$28,A14,$AA$5:$AA$28,AA14,$Z$5:$Z$28,1),0) | AC14: =IF(AND(Z14=1, AB14>=cfg_debounce_consecutive_steps),1,0)
A15: =Raw_Data!A15 | B15: =Raw_Data!B15 | C15: =Raw_Data!C15 | D15: =IF(ISNUMBER(SEARCH("shutdown",LOWER(C15)))+ISNUMBER(SEARCH("fault",LOWER(C15))),"DOWN",IF(ISNUMBER(SEARCH("grid connected",LOWER(C15)))+ISNUMBER(SEARCH("on-grid",LOWER(C15))),"ON",IF(ISNUMBER(SEARCH("standby",LOWER(C15)))+ISNUMBER(SEARCH("no sunlight",LOWER(C15))),"TRANSITIONAL","UNKNOWN"))) | E15: =MEDIAN(Raw_Data!D15:H15) | F15: =COUNTIF(Raw_Data!D15:H15, ">"&cfg_pstr_zero_threshold_kw) | G15: =100*F15/cfg_n_pv_total_in_workbook | H15: =IF(AND(E15>=cfg_sibling_median_active_kw, G15>=cfg_min_active_siblings_pct),1,0) | I15: =IF(D15="ON",1,0) | J15: =IF(AND(I15=1, H15=1, Raw_Data!D15<cfg_pstr_zero_threshold_kw),1,0) | K15: =IF(A15<>A14,IF(J15=1, MAX($K$5:K14)+1, 0),IF(AND(J15=1, J14=0), K14+1,IF(J15=1, K14, K14))) | L15: =IF(J15=1,COUNTIFS($A$5:$A$28,A15,$K$5:$K$28,K15,$J$5:$J$28,1),0) | M15: =IF(AND(J15=1, L15>=cfg_debounce_consecutive_steps),1,0) | N15: =IF(AND(I15=1, H15=1, Raw_Data!E15<cfg_pstr_zero_threshold_kw),1,0) | O15: =IF(A15<>A14,IF(N15=1, MAX($O$5:O14)+1, 0),IF(AND(N15=1, N14=0), O14+1,IF(N15=1, O14, O14))) | P15: =IF(N15=1,COUNTIFS($A$5:$A$28,A15,$O$5:$O$28,O15,$N$5:$N$28,1),0) | Q15: =IF(AND(N15=1, P15>=cfg_debounce_consecutive_steps),1,0) | R15: =IF(AND(I15=1, H15=1, Raw_Data!F15<cfg_pstr_zero_threshold_kw),1,0) | S15: =IF(A15<>A14,IF(R15=1, MAX($S$5:S14)+1, 0),IF(AND(R15=1, R14=0), S14+1,IF(R15=1, S14, S14))) | T15: =IF(R15=1,COUNTIFS($A$5:$A$28,A15,$S$5:$S$28,S15,$R$5:$R$28,1),0) | U15: =IF(AND(R15=1, T15>=cfg_debounce_consecutive_steps),1,0) | V15: =IF(AND(I15=1, H15=1, Raw_Data!G15<cfg_pstr_zero_threshold_kw),1,0) | W15: =IF(A15<>A14,IF(V15=1, MAX($W$5:W14)+1, 0),IF(AND(V15=1, V14=0), W14+1,IF(V15=1, W14, W14))) | X15: =IF(V15=1,COUNTIFS($A$5:$A$28,A15,$W$5:$W$28,W15,$V$5:$V$28,1),0) | Y15: =IF(AND(V15=1, X15>=cfg_debounce_consecutive_steps),1,0) | Z15: =IF(AND(I15=1, H15=1, Raw_Data!H15<cfg_pstr_zero_threshold_kw),1,0) | AA15: =IF(A15<>A14,IF(Z15=1, MAX($AA$5:AA14)+1, 0),IF(AND(Z15=1, Z14=0), AA14+1,IF(Z15=1, AA14, AA14))) | AB15: =IF(Z15=1,COUNTIFS($A$5:$A$28,A15,$AA$5:$AA$28,AA15,$Z$5:$Z$28,1),0) | AC15: =IF(AND(Z15=1, AB15>=cfg_debounce_consecutive_steps),1,0)
A16: =Raw_Data!A16 | B16: =Raw_Data!B16 | C16: =Raw_Data!C16 | D16: =IF(ISNUMBER(SEARCH("shutdown",LOWER(C16)))+ISNUMBER(SEARCH("fault",LOWER(C16))),"DOWN",IF(ISNUMBER(SEARCH("grid connected",LOWER(C16)))+ISNUMBER(SEARCH("on-grid",LOWER(C16))),"ON",IF(ISNUMBER(SEARCH("standby",LOWER(C16)))+ISNUMBER(SEARCH("no sunlight",LOWER(C16))),"TRANSITIONAL","UNKNOWN"))) | E16: =MEDIAN(Raw_Data!D16:H16) | F16: =COUNTIF(Raw_Data!D16:H16, ">"&cfg_pstr_zero_threshold_kw) | G16: =100*F16/cfg_n_pv_total_in_workbook | H16: =IF(AND(E16>=cfg_sibling_median_active_kw, G16>=cfg_min_active_siblings_pct),1,0) | I16: =IF(D16="ON",1,0) | J16: =IF(AND(I16=1, H16=1, Raw_Data!D16<cfg_pstr_zero_threshold_kw),1,0) | K16: =IF(A16<>A15,IF(J16=1, MAX($K$5:K15)+1, 0),IF(AND(J16=1, J15=0), K15+1,IF(J16=1, K15, K15))) | L16: =IF(J16=1,COUNTIFS($A$5:$A$28,A16,$K$5:$K$28,K16,$J$5:$J$28,1),0) | M16: =IF(AND(J16=1, L16>=cfg_debounce_consecutive_steps),1,0) | N16: =IF(AND(I16=1, H16=1, Raw_Data!E16<cfg_pstr_zero_threshold_kw),1,0) | O16: =IF(A16<>A15,IF(N16=1, MAX($O$5:O15)+1, 0),IF(AND(N16=1, N15=0), O15+1,IF(N16=1, O15, O15))) | P16: =IF(N16=1,COUNTIFS($A$5:$A$28,A16,$O$5:$O$28,O16,$N$5:$N$28,1),0) | Q16: =IF(AND(N16=1, P16>=cfg_debounce_consecutive_steps),1,0) | R16: =IF(AND(I16=1, H16=1, Raw_Data!F16<cfg_pstr_zero_threshold_kw),1,0) | S16: =IF(A16<>A15,IF(R16=1, MAX($S$5:S15)+1, 0),IF(AND(R16=1, R15=0), S15+1,IF(R16=1, S15, S15))) | T16: =IF(R16=1,COUNTIFS($A$5:$A$28,A16,$S$5:$S$28,S16,$R$5:$R$28,1),0) | U16: =IF(AND(R16=1, T16>=cfg_debounce_consecutive_steps),1,0) | V16: =IF(AND(I16=1, H16=1, Raw_Data!G16<cfg_pstr_zero_threshold_kw),1,0) | W16: =IF(A16<>A15,IF(V16=1, MAX($W$5:W15)+1, 0),IF(AND(V16=1, V15=0), W15+1,IF(V16=1, W15, W15))) | X16: =IF(V16=1,COUNTIFS($A$5:$A$28,A16,$W$5:$W$28,W16,$V$5:$V$28,1),0) | Y16: =IF(AND(V16=1, X16>=cfg_debounce_consecutive_steps),1,0) | Z16: =IF(AND(I16=1, H16=1, Raw_Data!H16<cfg_pstr_zero_threshold_kw),1,0) | AA16: =IF(A16<>A15,IF(Z16=1, MAX($AA$5:AA15)+1, 0),IF(AND(Z16=1, Z15=0), AA15+1,IF(Z16=1, AA15, AA15))) | AB16: =IF(Z16=1,COUNTIFS($A$5:$A$28,A16,$AA$5:$AA$28,AA16,$Z$5:$Z$28,1),0) | AC16: =IF(AND(Z16=1, AB16>=cfg_debounce_consecutive_steps),1,0)
A17: =Raw_Data!A17 | B17: =Raw_Data!B17 | C17: =Raw_Data!C17 | D17: =IF(ISNUMBER(SEARCH("shutdown",LOWER(C17)))+ISNUMBER(SEARCH("fault",LOWER(C17))),"DOWN",IF(ISNUMBER(SEARCH("grid connected",LOWER(C17)))+ISNUMBER(SEARCH("on-grid",LOWER(C17))),"ON",IF(ISNUMBER(SEARCH("standby",LOWER(C17)))+ISNUMBER(SEARCH("no sunlight",LOWER(C17))),"TRANSITIONAL","UNKNOWN"))) | E17: =MEDIAN(Raw_Data!D17:H17) | F17: =COUNTIF(Raw_Data!D17:H17, ">"&cfg_pstr_zero_threshold_kw) | G17: =100*F17/cfg_n_pv_total_in_workbook | H17: =IF(AND(E17>=cfg_sibling_median_active_kw, G17>=cfg_min_active_siblings_pct),1,0) | I17: =IF(D17="ON",1,0) | J17: =IF(AND(I17=1, H17=1, Raw_Data!D17<cfg_pstr_zero_threshold_kw),1,0) | K17: =IF(A17<>A16,IF(J17=1, MAX($K$5:K16)+1, 0),IF(AND(J17=1, J16=0), K16+1,IF(J17=1, K16, K16))) | L17: =IF(J17=1,COUNTIFS($A$5:$A$28,A17,$K$5:$K$28,K17,$J$5:$J$28,1),0) | M17: =IF(AND(J17=1, L17>=cfg_debounce_consecutive_steps),1,0) | N17: =IF(AND(I17=1, H17=1, Raw_Data!E17<cfg_pstr_zero_threshold_kw),1,0) | O17: =IF(A17<>A16,IF(N17=1, MAX($O$5:O16)+1, 0),IF(AND(N17=1, N16=0), O16+1,IF(N17=1, O16, O16))) | P17: =IF(N17=1,COUNTIFS($A$5:$A$28,A17,$O$5:$O$28,O17,$N$5:$N$28,1),0) | Q17: =IF(AND(N17=1, P17>=cfg_debounce_consecutive_steps),1,0) | R17: =IF(AND(I17=1, H17=1, Raw_Data!F17<cfg_pstr_zero_threshold_kw),1,0) | S17: =IF(A17<>A16,IF(R17=1, MAX($S$5:S16)+1, 0),IF(AND(R17=1, R16=0), S16+1,IF(R17=1, S16, S16))) | T17: =IF(R17=1,COUNTIFS($A$5:$A$28,A17,$S$5:$S$28,S17,$R$5:$R$28,1),0) | U17: =IF(AND(R17=1, T17>=cfg_debounce_consecutive_steps),1,0) | V17: =IF(AND(I17=1, H17=1, Raw_Data!G17<cfg_pstr_zero_threshold_kw),1,0) | W17: =IF(A17<>A16,IF(V17=1, MAX($W$5:W16)+1, 0),IF(AND(V17=1, V16=0), W16+1,IF(V17=1, W16, W16))) | X17: =IF(V17=1,COUNTIFS($A$5:$A$28,A17,$W$5:$W$28,W17,$V$5:$V$28,1),0) | Y17: =IF(AND(V17=1, X17>=cfg_debounce_consecutive_steps),1,0) | Z17: =IF(AND(I17=1, H17=1, Raw_Data!H17<cfg_pstr_zero_threshold_kw),1,0) | AA17: =IF(A17<>A16,IF(Z17=1, MAX($AA$5:AA16)+1, 0),IF(AND(Z17=1, Z16=0), AA16+1,IF(Z17=1, AA16, AA16))) | AB17: =IF(Z17=1,COUNTIFS($A$5:$A$28,A17,$AA$5:$AA$28,AA17,$Z$5:$Z$28,1),0) | AC17: =IF(AND(Z17=1, AB17>=cfg_debounce_consecutive_steps),1,0)
... A28: =Raw_Data!A28 | B28: =Raw_Data!B28 | C28: =Raw_Data!C28 | D28: =IF(ISNUMBER(SEARCH("shutdown",LOWER(C28)))+ISNUMBER(SEARCH("fault",LOWER(C28))),"DOWN",IF(ISNUMBER(SEARCH("grid connected",LOWER(C28)))+ISNUMBER(SEARCH("on-grid",LOWER(C28))),"ON",IF(ISNUMBER(SEARCH("standby",LOWER(C28)))+ISNUMBER(SEARCH("no sunlight",LOWER(C28))),"TRANSITIONAL","UNKNOWN"))) | E28: =MEDIAN(Raw_Data!D28:H28) | F28: =COUNTIF(Raw_Data!D28:H28, ">"&cfg_pstr_zero_threshold_kw) | G28: =100*F28/cfg_n_pv_total_in_workbook | H28: =IF(AND(E28>=cfg_sibling_median_active_kw, G28>=cfg_min_active_siblings_pct),1,0) | I28: =IF(D28="ON",1,0) | J28: =IF(AND(I28=1, H28=1, Raw_Data!D28<cfg_pstr_zero_threshold_kw),1,0) | K28: =IF(A28<>A27,IF(J28=1, MAX($K$5:K27)+1, 0),IF(AND(J28=1, J27=0), K27+1,IF(J28=1, K27, K27))) | L28: =IF(J28=1,COUNTIFS($A$5:$A$28,A28,$K$5:$K$28,K28,$J$5:$J$28,1),0) | M28: =IF(AND(J28=1, L28>=cfg_debounce_consecutive_steps),1,0) | N28: =IF(AND(I28=1, H28=1, Raw_Data!E28<cfg_pstr_zero_threshold_kw),1,0) | O28: =IF(A28<>A27,IF(N28=1, MAX($O$5:O27)+1, 0),IF(AND(N28=1, N27=0), O27+1,IF(N28=1, O27, O27))) | P28: =IF(N28=1,COUNTIFS($A$5:$A$28,A28,$O$5:$O$28,O28,$N$5:$N$28,1),0) | Q28: =IF(AND(N28=1, P28>=cfg_debounce_consecutive_steps),1,0) | R28: =IF(AND(I28=1, H28=1, Raw_Data!F28<cfg_pstr_zero_threshold_kw),1,0) | S28: =IF(A28<>A27,IF(R28=1, MAX($S$5:S27)+1, 0),IF(AND(R28=1, R27=0), S27+1,IF(R28=1, S27, S27))) | T28: =IF(R28=1,COUNTIFS($A$5:$A$28,A28,$S$5:$S$28,S28,$R$5:$R$28,1),0) | U28: =IF(AND(R28=1, T28>=cfg_debounce_consecutive_steps),1,0) | V28: =IF(AND(I28=1, H28=1, Raw_Data!G28<cfg_pstr_zero_threshold_kw),1,0) | W28: =IF(A28<>A27,IF(V28=1, MAX($W$5:W27)+1, 0),IF(AND(V28=1, V27=0), W27+1,IF(V28=1, W27, W27))) | X28: =IF(V28=1,COUNTIFS($A$5:$A$28,A28,$W$5:$W$28,W28,$V$5:$V$28,1),0) | Y28: =IF(AND(V28=1, X28>=cfg_debounce_consecutive_steps),1,0) | Z28: =IF(AND(I28=1, H28=1, Raw_Data!H28<cfg_pstr_zero_threshold_kw),1,0) | AA28: =IF(A28<>A27,IF(Z28=1, MAX($AA$5:AA27)+1, 0),IF(AND(Z28=1, Z27=0), AA27+1,IF(Z28=1, AA27, AA27))) | AB28: =IF(Z28=1,COUNTIFS($A$5:$A$28,A28,$AA$5:$AA$28,AA28,$Z$5:$Z$28,1),0) | AC28: =IF(AND(Z28=1, AB28>=cfg_debounce_consecutive_steps),1,0)

Sheet M2e_Availability
A1: M2e Availability — output finding per inverter & per string
A2: Section A: per-inverter uptime%. Section B: per-string proxy down. Severity di-derive dari uptime_pct vs threshold di Config.
A4: A. Per-inverter daily uptime
A5: Inverter_ID | B5: n_on | C5: n_down | D5: denom | E5: uptime_pct | F5: downtime_min | G5: severity | H5: threshold_breached | I5: message
A6: WB02-INV01 | B6: =COUNTIFS(Helpers_M2e!$A$5:$A$28, A6, Helpers_M2e!$D$5:$D$28, "ON") | C6: =COUNTIFS(Helpers_M2e!$A$5:$A$28, A6, Helpers_M2e!$D$5:$D$28, "DOWN") | D6: =B6+C6 | E6: =IF(D6=0, NA(), 100*B6/D6) | F6: =C6*cfg_interval_minutes | G6: =IF(ISNA(E6),"NO_DATA",IF(E6<cfg_critical_below,"CRITICAL",IF(E6<cfg_high_below,"HIGH",IF(E6<cfg_medium_below,"MEDIUM",IF(E6<cfg_info_below,"INFO","NORMAL"))))) | H6: =IF(ISNA(E6),"",IF(E6<cfg_critical_below,cfg_critical_below,IF(E6<cfg_high_below,cfg_high_below,IF(E6<cfg_medium_below,cfg_medium_below,IF(E6<cfg_info_below,cfg_info_below,cfg_info_below))))) | I6: ="inverter uptime "&TEXT(E6,"0.00")&"% (n_on="&B6&", n_down="&C6&")"
A7: WB02-INV02 | B7: =COUNTIFS(Helpers_M2e!$A$5:$A$28, A7, Helpers_M2e!$D$5:$D$28, "ON") | C7: =COUNTIFS(Helpers_M2e!$A$5:$A$28, A7, Helpers_M2e!$D$5:$D$28, "DOWN") | D7: =B7+C7 | E7: =IF(D7=0, NA(), 100*B7/D7) | F7: =C7*cfg_interval_minutes | G7: =IF(ISNA(E7),"NO_DATA",IF(E7<cfg_critical_below,"CRITICAL",IF(E7<cfg_high_below,"HIGH",IF(E7<cfg_medium_below,"MEDIUM",IF(E7<cfg_info_below,"INFO","NORMAL"))))) | H7: =IF(ISNA(E7),"",IF(E7<cfg_critical_below,cfg_critical_below,IF(E7<cfg_high_below,cfg_high_below,IF(E7<cfg_medium_below,cfg_medium_below,IF(E7<cfg_info_below,cfg_info_below,cfg_info_below))))) | I7: ="inverter uptime "&TEXT(E7,"0.00")&"% (n_on="&B7&", n_down="&C7&")"
A11: B. Per-string proxy down (event_minutes_total + uptime_pct + severity)
A12: Inverter_ID | B12: PV_string | C12: daylight_minutes_inv | D12: event_minutes | E12: n_events | F12: string_uptime_pct | G12: severity | H12: is_empty | I12: message
A13: WB02-INV01 | B13: PV1 | C13: =COUNTIFS(Helpers_M2e!$A$5:$A$28, A13, Helpers_M2e!$I$5:$I$28, 1) * cfg_interval_minutes | D13: =COUNTIFS(Helpers_M2e!$A$5:$A$28, A13, Helpers_M2e!$M$5:$M$28, 1) * cfg_interval_minutes | E13: =SUMPRODUCT((Helpers_M2e!$A$5:$A$28=A13)*(Helpers_M2e!$M$5:$M$28=1)*((Helpers_M2e!$M$4:$M$27=0)+(Helpers_M2e!$A$5:$A$28<>Helpers_M2e!$A$4:$A$27)>=1)) | F13: =IF(C13=0, NA(), MAX(0, 100 - 100*D13/C13)) | G13: =IF(H13=1,"EMPTY",IF(C13=0,"NO_DAYLIGHT",IF(F13<cfg_critical_below,"CRITICAL",IF(F13<cfg_high_below,"HIGH",IF(F13<cfg_medium_below,"MEDIUM",IF(F13<cfg_info_below,"INFO","NORMAL")))))) | H13: =IFERROR(IF(ISNUMBER(SEARCH(","&1&",", ","&VLOOKUP(A13, EmptyPVMap!$A$5:$B$8, 2, FALSE)&",")), 1, 0), 0) | I13: =IF(H13=1, "EMPTY (skip)", IF(F13>=cfg_info_below, "NORMAL", A13&" "&B13&" proxy-down "&D13&"min/"&C13&"min daylight ("&TEXT(F13,"0.00")&"% uptime)"))
A14: WB02-INV01 | B14: PV2 | C14: =COUNTIFS(Helpers_M2e!$A$5:$A$28, A14, Helpers_M2e!$I$5:$I$28, 1) * cfg_interval_minutes | D14: =COUNTIFS(Helpers_M2e!$A$5:$A$28, A14, Helpers_M2e!$Q$5:$Q$28, 1) * cfg_interval_minutes | E14: =SUMPRODUCT((Helpers_M2e!$A$5:$A$28=A14)*(Helpers_M2e!$Q$5:$Q$28=1)*((Helpers_M2e!$Q$4:$Q$27=0)+(Helpers_M2e!$A$5:$A$28<>Helpers_M2e!$A$4:$A$27)>=1)) | F14: =IF(C14=0, NA(), MAX(0, 100 - 100*D14/C14)) | G14: =IF(H14=1,"EMPTY",IF(C14=0,"NO_DAYLIGHT",IF(F14<cfg_critical_below,"CRITICAL",IF(F14<cfg_high_below,"HIGH",IF(F14<cfg_medium_below,"MEDIUM",IF(F14<cfg_info_below,"INFO","NORMAL")))))) | H14: =IFERROR(IF(ISNUMBER(SEARCH(","&2&",", ","&VLOOKUP(A14, EmptyPVMap!$A$5:$B$8, 2, FALSE)&",")), 1, 0), 0) | I14: =IF(H14=1, "EMPTY (skip)", IF(F14>=cfg_info_below, "NORMAL", A14&" "&B14&" proxy-down "&D14&"min/"&C14&"min daylight ("&TEXT(F14,"0.00")&"% uptime)"))
A15: WB02-INV01 | B15: PV3 | C15: =COUNTIFS(Helpers_M2e!$A$5:$A$28, A15, Helpers_M2e!$I$5:$I$28, 1) * cfg_interval_minutes | D15: =COUNTIFS(Helpers_M2e!$A$5:$A$28, A15, Helpers_M2e!$U$5:$U$28, 1) * cfg_interval_minutes | E15: =SUMPRODUCT((Helpers_M2e!$A$5:$A$28=A15)*(Helpers_M2e!$U$5:$U$28=1)*((Helpers_M2e!$U$4:$U$27=0)+(Helpers_M2e!$A$5:$A$28<>Helpers_M2e!$A$4:$A$27)>=1)) | F15: =IF(C15=0, NA(), MAX(0, 100 - 100*D15/C15)) | G15: =IF(H15=1,"EMPTY",IF(C15=0,"NO_DAYLIGHT",IF(F15<cfg_critical_below,"CRITICAL",IF(F15<cfg_high_below,"HIGH",IF(F15<cfg_medium_below,"MEDIUM",IF(F15<cfg_info_below,"INFO","NORMAL")))))) | H15: =IFERROR(IF(ISNUMBER(SEARCH(","&3&",", ","&VLOOKUP(A15, EmptyPVMap!$A$5:$B$8, 2, FALSE)&",")), 1, 0), 0) | I15: =IF(H15=1, "EMPTY (skip)", IF(F15>=cfg_info_below, "NORMAL", A15&" "&B15&" proxy-down "&D15&"min/"&C15&"min daylight ("&TEXT(F15,"0.00")&"% uptime)"))
A16: WB02-INV01 | B16: PV4 | C16: =COUNTIFS(Helpers_M2e!$A$5:$A$28, A16, Helpers_M2e!$I$5:$I$28, 1) * cfg_interval_minutes | D16: =COUNTIFS(Helpers_M2e!$A$5:$A$28, A16, Helpers_M2e!$Y$5:$Y$28, 1) * cfg_interval_minutes | E16: =SUMPRODUCT((Helpers_M2e!$A$5:$A$28=A16)*(Helpers_M2e!$Y$5:$Y$28=1)*((Helpers_M2e!$Y$4:$Y$27=0)+(Helpers_M2e!$A$5:$A$28<>Helpers_M2e!$A$4:$A$27)>=1)) | F16: =IF(C16=0, NA(), MAX(0, 100 - 100*D16/C16)) | G16: =IF(H16=1,"EMPTY",IF(C16=0,"NO_DAYLIGHT",IF(F16<cfg_critical_below,"CRITICAL",IF(F16<cfg_high_below,"HIGH",IF(F16<cfg_medium_below,"MEDIUM",IF(F16<cfg_info_below,"INFO","NORMAL")))))) | H16: =IFERROR(IF(ISNUMBER(SEARCH(","&4&",", ","&VLOOKUP(A16, EmptyPVMap!$A$5:$B$8, 2, FALSE)&",")), 1, 0), 0) | I16: =IF(H16=1, "EMPTY (skip)", IF(F16>=cfg_info_below, "NORMAL", A16&" "&B16&" proxy-down "&D16&"min/"&C16&"min daylight ("&TEXT(F16,"0.00")&"% uptime)"))
A17: WB02-INV01 | B17: PV5 | C17: =COUNTIFS(Helpers_M2e!$A$5:$A$28, A17, Helpers_M2e!$I$5:$I$28, 1) * cfg_interval_minutes | D17: =COUNTIFS(Helpers_M2e!$A$5:$A$28, A17, Helpers_M2e!$AC$5:$AC$28, 1) * cfg_interval_minutes | E17: =SUMPRODUCT((Helpers_M2e!$A$5:$A$28=A17)*(Helpers_M2e!$AC$5:$AC$28=1)*((Helpers_M2e!$AC$4:$AC$27=0)+(Helpers_M2e!$A$5:$A$28<>Helpers_M2e!$A$4:$A$27)>=1)) | F17: =IF(C17=0, NA(), MAX(0, 100 - 100*D17/C17)) | G17: =IF(H17=1,"EMPTY",IF(C17=0,"NO_DAYLIGHT",IF(F17<cfg_critical_below,"CRITICAL",IF(F17<cfg_high_below,"HIGH",IF(F17<cfg_medium_below,"MEDIUM",IF(F17<cfg_info_below,"INFO","NORMAL")))))) | H17: =IFERROR(IF(ISNUMBER(SEARCH(","&5&",", ","&VLOOKUP(A17, EmptyPVMap!$A$5:$B$8, 2, FALSE)&",")), 1, 0), 0) | I17: =IF(H17=1, "EMPTY (skip)", IF(F17>=cfg_info_below, "NORMAL", A17&" "&B17&" proxy-down "&D17&"min/"&C17&"min daylight ("&TEXT(F17,"0.00")&"% uptime)"))
A18: WB02-INV02 | B18: PV1 | C18: =COUNTIFS(Helpers_M2e!$A$5:$A$28, A18, Helpers_M2e!$I$5:$I$28, 1) * cfg_interval_minutes | D18: =COUNTIFS(Helpers_M2e!$A$5:$A$28, A18, Helpers_M2e!$M$5:$M$28, 1) * cfg_interval_minutes | E18: =SUMPRODUCT((Helpers_M2e!$A$5:$A$28=A18)*(Helpers_M2e!$M$5:$M$28=1)*((Helpers_M2e!$M$4:$M$27=0)+(Helpers_M2e!$A$5:$A$28<>Helpers_M2e!$A$4:$A$27)>=1)) | F18: =IF(C18=0, NA(), MAX(0, 100 - 100*D18/C18)) | G18: =IF(H18=1,"EMPTY",IF(C18=0,"NO_DAYLIGHT",IF(F18<cfg_critical_below,"CRITICAL",IF(F18<cfg_high_below,"HIGH",IF(F18<cfg_medium_below,"MEDIUM",IF(F18<cfg_info_below,"INFO","NORMAL")))))) | H18: =IFERROR(IF(ISNUMBER(SEARCH(","&1&",", ","&VLOOKUP(A18, EmptyPVMap!$A$5:$B$8, 2, FALSE)&",")), 1, 0), 0) | I18: =IF(H18=1, "EMPTY (skip)", IF(F18>=cfg_info_below, "NORMAL", A18&" "&B18&" proxy-down "&D18&"min/"&C18&"min daylight ("&TEXT(F18,"0.00")&"% uptime)"))
A19: WB02-INV02 | B19: PV2 | C19: =COUNTIFS(Helpers_M2e!$A$5:$A$28, A19, Helpers_M2e!$I$5:$I$28, 1) * cfg_interval_minutes | D19: =COUNTIFS(Helpers_M2e!$A$5:$A$28, A19, Helpers_M2e!$Q$5:$Q$28, 1) * cfg_interval_minutes | E19: =SUMPRODUCT((Helpers_M2e!$A$5:$A$28=A19)*(Helpers_M2e!$Q$5:$Q$28=1)*((Helpers_M2e!$Q$4:$Q$27=0)+(Helpers_M2e!$A$5:$A$28<>Helpers_M2e!$A$4:$A$27)>=1)) | F19: =IF(C19=0, NA(), MAX(0, 100 - 100*D19/C19)) | G19: =IF(H19=1,"EMPTY",IF(C19=0,"NO_DAYLIGHT",IF(F19<cfg_critical_below,"CRITICAL",IF(F19<cfg_high_below,"HIGH",IF(F19<cfg_medium_below,"MEDIUM",IF(F19<cfg_info_below,"INFO","NORMAL")))))) | H19: =IFERROR(IF(ISNUMBER(SEARCH(","&2&",", ","&VLOOKUP(A19, EmptyPVMap!$A$5:$B$8, 2, FALSE)&",")), 1, 0), 0) | I19: =IF(H19=1, "EMPTY (skip)", IF(F19>=cfg_info_below, "NORMAL", A19&" "&B19&" proxy-down "&D19&"min/"&C19&"min daylight ("&TEXT(F19,"0.00")&"% uptime)"))
A20: WB02-INV02 | B20: PV3 | C20: =COUNTIFS(Helpers_M2e!$A$5:$A$28, A20, Helpers_M2e!$I$5:$I$28, 1) * cfg_interval_minutes | D20: =COUNTIFS(Helpers_M2e!$A$5:$A$28, A20, Helpers_M2e!$U$5:$U$28, 1) * cfg_interval_minutes | E20: =SUMPRODUCT((Helpers_M2e!$A$5:$A$28=A20)*(Helpers_M2e!$U$5:$U$28=1)*((Helpers_M2e!$U$4:$U$27=0)+(Helpers_M2e!$A$5:$A$28<>Helpers_M2e!$A$4:$A$27)>=1)) | F20: =IF(C20=0, NA(), MAX(0, 100 - 100*D20/C20)) | G20: =IF(H20=1,"EMPTY",IF(C20=0,"NO_DAYLIGHT",IF(F20<cfg_critical_below,"CRITICAL",IF(F20<cfg_high_below,"HIGH",IF(F20<cfg_medium_below,"MEDIUM",IF(F20<cfg_info_below,"INFO","NORMAL")))))) | H20: =IFERROR(IF(ISNUMBER(SEARCH(","&3&",", ","&VLOOKUP(A20, EmptyPVMap!$A$5:$B$8, 2, FALSE)&",")), 1, 0), 0) | I20: =IF(H20=1, "EMPTY (skip)", IF(F20>=cfg_info_below, "NORMAL", A20&" "&B20&" proxy-down "&D20&"min/"&C20&"min daylight ("&TEXT(F20,"0.00")&"% uptime)"))
A21: WB02-INV02 | B21: PV4 | C21: =COUNTIFS(Helpers_M2e!$A$5:$A$28, A21, Helpers_M2e!$I$5:$I$28, 1) * cfg_interval_minutes | D21: =COUNTIFS(Helpers_M2e!$A$5:$A$28, A21, Helpers_M2e!$Y$5:$Y$28, 1) * cfg_interval_minutes | E21: =SUMPRODUCT((Helpers_M2e!$A$5:$A$28=A21)*(Helpers_M2e!$Y$5:$Y$28=1)*((Helpers_M2e!$Y$4:$Y$27=0)+(Helpers_M2e!$A$5:$A$28<>Helpers_M2e!$A$4:$A$27)>=1)) | F21: =IF(C21=0, NA(), MAX(0, 100 - 100*D21/C21)) | G21: =IF(H21=1,"EMPTY",IF(C21=0,"NO_DAYLIGHT",IF(F21<cfg_critical_below,"CRITICAL",IF(F21<cfg_high_below,"HIGH",IF(F21<cfg_medium_below,"MEDIUM",IF(F21<cfg_info_below,"INFO","NORMAL")))))) | H21: =IFERROR(IF(ISNUMBER(SEARCH(","&4&",", ","&VLOOKUP(A21, EmptyPVMap!$A$5:$B$8, 2, FALSE)&",")), 1, 0), 0) | I21: =IF(H21=1, "EMPTY (skip)", IF(F21>=cfg_info_below, "NORMAL", A21&" "&B21&" proxy-down "&D21&"min/"&C21&"min daylight ("&TEXT(F21,"0.00")&"% uptime)"))
A22: WB02-INV02 | B22: PV5 | C22: =COUNTIFS(Helpers_M2e!$A$5:$A$28, A22, Helpers_M2e!$I$5:$I$28, 1) * cfg_interval_minutes | D22: =COUNTIFS(Helpers_M2e!$A$5:$A$28, A22, Helpers_M2e!$AC$5:$AC$28, 1) * cfg_interval_minutes | E22: =SUMPRODUCT((Helpers_M2e!$A$5:$A$28=A22)*(Helpers_M2e!$AC$5:$AC$28=1)*((Helpers_M2e!$AC$4:$AC$27=0)+(Helpers_M2e!$A$5:$A$28<>Helpers_M2e!$A$4:$A$27)>=1)) | F22: =IF(C22=0, NA(), MAX(0, 100 - 100*D22/C22)) | G22: =IF(H22=1,"EMPTY",IF(C22=0,"NO_DAYLIGHT",IF(F22<cfg_critical_below,"CRITICAL",IF(F22<cfg_high_below,"HIGH",IF(F22<cfg_medium_below,"MEDIUM",IF(F22<cfg_info_below,"INFO","NORMAL")))))) | H22: =IFERROR(IF(ISNUMBER(SEARCH(","&5&",", ","&VLOOKUP(A22, EmptyPVMap!$A$5:$B$8, 2, FALSE)&",")), 1, 0), 0) | I22: =IF(H22=1, "EMPTY (skip)", IF(F22>=cfg_info_below, "NORMAL", A22&" "&B22&" proxy-down "&D22&"min/"&C22&"min daylight ("&TEXT(F22,"0.00")&"% uptime)"))

Sheet M2e_AllStrings
A1: M2e_AllStrings — tabel rapi per (inverter × PV string) — replika output Python
A2: Setiap baris = 1 PV slot. status ∈ {EMPTY, NO_DAYLIGHT, NORMAL, INFO, MEDIUM, HIGH, CRITICAL}. Pull dari M2e_Availability Section B.
A4: inverter_id | B4: pv_string | C4: status | D4: uptime_pct | E4: downtime_minutes | F4: event_minutes | G4: n_events | H4: daylight_minutes
A5: =M2e_Availability!A13 | B5: =M2e_Availability!B13 | C5: =M2e_Availability!G13 | D5: =IF(OR(M2e_Availability!G13="EMPTY",M2e_Availability!G13="NO_DAYLIGHT"),"",M2e_Availability!F13) | E5: =IF(OR(M2e_Availability!G13="EMPTY",M2e_Availability!G13="NO_DAYLIGHT"),"",M2e_Availability!D13) | F5: =IF(OR(M2e_Availability!G13="EMPTY",M2e_Availability!G13="NO_DAYLIGHT"),"",M2e_Availability!D13) | G5: =IF(M2e_Availability!G13="EMPTY",0,M2e_Availability!E13) | H5: =M2e_Availability!C13
A6: =M2e_Availability!A14 | B6: =M2e_Availability!B14 | C6: =M2e_Availability!G14 | D6: =IF(OR(M2e_Availability!G14="EMPTY",M2e_Availability!G14="NO_DAYLIGHT"),"",M2e_Availability!F14) | E6: =IF(OR(M2e_Availability!G14="EMPTY",M2e_Availability!G14="NO_DAYLIGHT"),"",M2e_Availability!D14) | F6: =IF(OR(M2e_Availability!G14="EMPTY",M2e_Availability!G14="NO_DAYLIGHT"),"",M2e_Availability!D14) | G6: =IF(M2e_Availability!G14="EMPTY",0,M2e_Availability!E14) | H6: =M2e_Availability!C14
A7: =M2e_Availability!A15 | B7: =M2e_Availability!B15 | C7: =M2e_Availability!G15 | D7: =IF(OR(M2e_Availability!G15="EMPTY",M2e_Availability!G15="NO_DAYLIGHT"),"",M2e_Availability!F15) | E7: =IF(OR(M2e_Availability!G15="EMPTY",M2e_Availability!G15="NO_DAYLIGHT"),"",M2e_Availability!D15) | F7: =IF(OR(M2e_Availability!G15="EMPTY",M2e_Availability!G15="NO_DAYLIGHT"),"",M2e_Availability!D15) | G7: =IF(M2e_Availability!G15="EMPTY",0,M2e_Availability!E15) | H7: =M2e_Availability!C15
A8: =M2e_Availability!A16 | B8: =M2e_Availability!B16 | C8: =M2e_Availability!G16 | D8: =IF(OR(M2e_Availability!G16="EMPTY",M2e_Availability!G16="NO_DAYLIGHT"),"",M2e_Availability!F16) | E8: =IF(OR(M2e_Availability!G16="EMPTY",M2e_Availability!G16="NO_DAYLIGHT"),"",M2e_Availability!D16) | F8: =IF(OR(M2e_Availability!G16="EMPTY",M2e_Availability!G16="NO_DAYLIGHT"),"",M2e_Availability!D16) | G8: =IF(M2e_Availability!G16="EMPTY",0,M2e_Availability!E16) | H8: =M2e_Availability!C16
A9: =M2e_Availability!A17 | B9: =M2e_Availability!B17 | C9: =M2e_Availability!G17 | D9: =IF(OR(M2e_Availability!G17="EMPTY",M2e_Availability!G17="NO_DAYLIGHT"),"",M2e_Availability!F17) | E9: =IF(OR(M2e_Availability!G17="EMPTY",M2e_Availability!G17="NO_DAYLIGHT"),"",M2e_Availability!D17) | F9: =IF(OR(M2e_Availability!G17="EMPTY",M2e_Availability!G17="NO_DAYLIGHT"),"",M2e_Availability!D17) | G9: =IF(M2e_Availability!G17="EMPTY",0,M2e_Availability!E17) | H9: =M2e_Availability!C17
A10: =M2e_Availability!A18 | B10: =M2e_Availability!B18 | C10: =M2e_Availability!G18 | D10: =IF(OR(M2e_Availability!G18="EMPTY",M2e_Availability!G18="NO_DAYLIGHT"),"",M2e_Availability!F18) | E10: =IF(OR(M2e_Availability!G18="EMPTY",M2e_Availability!G18="NO_DAYLIGHT"),"",M2e_Availability!D18) | F10: =IF(OR(M2e_Availability!G18="EMPTY",M2e_Availability!G18="NO_DAYLIGHT"),"",M2e_Availability!D18) | G10: =IF(M2e_Availability!G18="EMPTY",0,M2e_Availability!E18) | H10: =M2e_Availability!C18
A11: =M2e_Availability!A19 | B11: =M2e_Availability!B19 | C11: =M2e_Availability!G19 | D11: =IF(OR(M2e_Availability!G19="EMPTY",M2e_Availability!G19="NO_DAYLIGHT"),"",M2e_Availability!F19) | E11: =IF(OR(M2e_Availability!G19="EMPTY",M2e_Availability!G19="NO_DAYLIGHT"),"",M2e_Availability!D19) | F11: =IF(OR(M2e_Availability!G19="EMPTY",M2e_Availability!G19="NO_DAYLIGHT"),"",M2e_Availability!D19) | G11: =IF(M2e_Availability!G19="EMPTY",0,M2e_Availability!E19) | H11: =M2e_Availability!C19
A12: =M2e_Availability!A20 | B12: =M2e_Availability!B20 | C12: =M2e_Availability!G20 | D12: =IF(OR(M2e_Availability!G20="EMPTY",M2e_Availability!G20="NO_DAYLIGHT"),"",M2e_Availability!F20) | E12: =IF(OR(M2e_Availability!G20="EMPTY",M2e_Availability!G20="NO_DAYLIGHT"),"",M2e_Availability!D20) | F12: =IF(OR(M2e_Availability!G20="EMPTY",M2e_Availability!G20="NO_DAYLIGHT"),"",M2e_Availability!D20) | G12: =IF(M2e_Availability!G20="EMPTY",0,M2e_Availability!E20) | H12: =M2e_Availability!C20
A13: =M2e_Availability!A21 | B13: =M2e_Availability!B21 | C13: =M2e_Availability!G21 | D13: =IF(OR(M2e_Availability!G21="EMPTY",M2e_Availability!G21="NO_DAYLIGHT"),"",M2e_Availability!F21) | E13: =IF(OR(M2e_Availability!G21="EMPTY",M2e_Availability!G21="NO_DAYLIGHT"),"",M2e_Availability!D21) | F13: =IF(OR(M2e_Availability!G21="EMPTY",M2e_Availability!G21="NO_DAYLIGHT"),"",M2e_Availability!D21) | G13: =IF(M2e_Availability!G21="EMPTY",0,M2e_Availability!E21) | H13: =M2e_Availability!C21
A14: =M2e_Availability!A22 | B14: =M2e_Availability!B22 | C14: =M2e_Availability!G22 | D14: =IF(OR(M2e_Availability!G22="EMPTY",M2e_Availability!G22="NO_DAYLIGHT"),"",M2e_Availability!F22) | E14: =IF(OR(M2e_Availability!G22="EMPTY",M2e_Availability!G22="NO_DAYLIGHT"),"",M2e_Availability!D22) | F14: =IF(OR(M2e_Availability!G22="EMPTY",M2e_Availability!G22="NO_DAYLIGHT"),"",M2e_Availability!D22) | G14: =IF(M2e_Availability!G22="EMPTY",0,M2e_Availability!E22) | H14: =M2e_Availability!C22

Sheet Findings_Summary
A1: Findings_Summary — agregat semua finding NON-NORMAL & NON-EMPTY
A2: Saat ini hanya M2e. Akan tumbuh: M2b, M2a, IsolationForest, dst. Setiap iterasi tambah sheet detector → tambah baris di sini.
A4: Source Sheet | B4: sub_module | C4: inverter_id | D4: pv_string | E4: severity | F4: value (uptime_pct) | G4: threshold | H4: message
A5: M2e_Availability!A (inverter) | B5: M2e_inverter | C5: =M2e_Availability!A6 | E5: =M2e_Availability!G6 | F5: =M2e_Availability!E6 | G5: =M2e_Availability!H6 | H5: =M2e_Availability!I6
A6: M2e_Availability!A (inverter) | B6: M2e_inverter | C6: =M2e_Availability!A7 | E6: =M2e_Availability!G7 | F6: =M2e_Availability!E7 | G6: =M2e_Availability!H7 | H6: =M2e_Availability!I7
A7: M2e_Availability!B (string proxy) | B7: M2e_string_proxy | C7: =M2e_Availability!A13 | D7: =M2e_Availability!B13 | E7: =M2e_Availability!G13 | F7: =M2e_Availability!F13 | G7: (see Config) | H7: =M2e_Availability!I13
A8: M2e_Availability!B (string proxy) | B8: M2e_string_proxy | C8: =M2e_Availability!A14 | D8: =M2e_Availability!B14 | E8: =M2e_Availability!G14 | F8: =M2e_Availability!F14 | G8: (see Config) | H8: =M2e_Availability!I14
A9: M2e_Availability!B (string proxy) | B9: M2e_string_proxy | C9: =M2e_Availability!A15 | D9: =M2e_Availability!B15 | E9: =M2e_Availability!G15 | F9: =M2e_Availability!F15 | G9: (see Config) | H9: =M2e_Availability!I15
A10: M2e_Availability!B (string proxy) | B10: M2e_string_proxy | C10: =M2e_Availability!A16 | D10: =M2e_Availability!B16 | E10: =M2e_Availability!G16 | F10: =M2e_Availability!F16 | G10: (see Config) | H10: =M2e_Availability!I16
A11: M2e_Availability!B (string proxy) | B11: M2e_string_proxy | C11: =M2e_Availability!A17 | D11: =M2e_Availability!B17 | E11: =M2e_Availability!G17 | F11: =M2e_Availability!F17 | G11: (see Config) | H11: =M2e_Availability!I17
A12: M2e_Availability!B (string proxy) | B12: M2e_string_proxy | C12: =M2e_Availability!A18 | D12: =M2e_Availability!B18 | E12: =M2e_Availability!G18 | F12: =M2e_Availability!F18 | G12: (see Config) | H12: =M2e_Availability!I18
A13: M2e_Availability!B (string proxy) | B13: M2e_string_proxy | C13: =M2e_Availability!A19 | D13: =M2e_Availability!B19 | E13: =M2e_Availability!G19 | F13: =M2e_Availability!F19 | G13: (see Config) | H13: =M2e_Availability!I19
A14: M2e_Availability!B (string proxy) | B14: M2e_string_proxy | C14: =M2e_Availability!A20 | D14: =M2e_Availability!B20 | E14: =M2e_Availability!G20 | F14: =M2e_Availability!F20 | G14: (see Config) | H14: =M2e_Availability!I20
A15: M2e_Availability!B (string proxy) | B15: M2e_string_proxy | C15: =M2e_Availability!A21 | D15: =M2e_Availability!B21 | E15: =M2e_Availability!G21 | F15: =M2e_Availability!F21 | G15: (see Config) | H15: =M2e_Availability!I21
A16: M2e_Availability!B (string proxy) | B16: M2e_string_proxy | C16: =M2e_Availability!A22 | D16: =M2e_Availability!B22 | E16: =M2e_Availability!G22 | F16: =M2e_Availability!F22 | G16: (see Config) | H16: =M2e_Availability!I22
A17: --- M2b PeerZScore ---
A18: M2b_PeerZScore!C | B18: M2b_peer_zscore | C18: WB05-INV05 | D18: PV1 | E18: =M2b_PeerZScore!I22 | F18: =M2b_PeerZScore!D22 | G18: =cfg_z_threshold | H18: =M2b_PeerZScore!K22
A19: M2b_PeerZScore!C | B19: M2b_peer_zscore | C19: WB05-INV05 | D19: PV2 | E19: =M2b_PeerZScore!I23 | F19: =M2b_PeerZScore!D23 | G19: =cfg_z_threshold | H19: =M2b_PeerZScore!K23
A20: M2b_PeerZScore!C | B20: M2b_peer_zscore | C20: WB05-INV05 | D20: PV3 | E20: =M2b_PeerZScore!I24 | F20: =M2b_PeerZScore!D24 | G20: =cfg_z_threshold | H20: =M2b_PeerZScore!K24
A21: M2b_PeerZScore!C | B21: M2b_peer_zscore | C21: WB05-INV05 | D21: PV4 | E21: =M2b_PeerZScore!I25 | F21: =M2b_PeerZScore!D25 | G21: =cfg_z_threshold | H21: =M2b_PeerZScore!K25
A22: M2b_PeerZScore!C | B22: M2b_peer_zscore | C22: WB05-INV05 | D22: PV5 | E22: EMPTY | F22: - | G22: - | H22: -

Sheet PanelSpec
A1: PanelSpec — Jinko JKM625N 78HL4-BDV (mirror config/panel_spec.yaml)
A2: Konsumen: PanelSpec.voc_at_cell_temp + voc_string_nominal di peer_zscore.py
A4: Parameter | B4: Value | C4: Unit | D4: Notes
A5: panel_model | B5: Jinko JKM625N 78HL4-BDV | D5: Bifacial Tiger Neo dual-glass
A6: voc_stc_v | B6: 55.72 | C6: V | D6: Open-circuit voltage @ STC (1000 W/m², 25°C cell)
A7: vmp_stc_v | B7: 46.1 | C7: V | D7: Max-power voltage @ STC
A8: imp_stc_a | B8: 13.56 | C8: A | D8: Max-power current @ STC
A9: isc_stc_a | B9: 14.27 | C9: A | D9: Short-circuit current @ STC
A10: pmax_stc_w | B10: 625 | C10: W | D10: Max power @ STC
A11: voc_noct_v | B11: 52.93 | C11: V | D11: Voc @ NOCT (800 W/m², 20°C ambient)
A12: temp_coef_voc_pct_per_c | B12: -0.25 | C12: %/°C | D12: Voc decreases when Tcell rises
A13: temp_coef_pmax_pct_per_c | B13: -0.29 | C13: %/°C | D13: Pmax temperature coefficient
A14: temp_coef_isc_pct_per_c | B14: 0.045 | C14: %/°C | D14: Isc temperature coefficient (small +)
A15: t_stc_c | B15: 25 | C15: °C | D15: STC reference temperature
A16: max_system_voltage_v | B16: 1500 | C16: V | D16: IEC limit
A17: default_modules_per_string | B17: 26 | C17: modules | D17: Fallback (WB03-10)
... A20: modules_per_string_WB03_10 | B20: 26 | C20: modules | D20: PLTS-IKN WB03-10 layout
A22: voc_at_cell_temp(T_cell) — Excel formula
A23: Input: cell_temp_c → | B23: 30 | C23: °C (edit untuk recalc)
A24: voc_per_module = voc_stc × (1 + temp_coef_voc/100 × (T - 25)) | B24: =panel_voc_stc_v*(1+panel_temp_coef_voc_pct_per_c/100*(B23-panel_t_stc_c)) | C24: V per modul
A25: voc_string_WB01_WB02 (24 modules) | B25: =B24*panel_modules_per_string_WB01 | C25: V per string (cold Voc skenario)
A26: voc_string_WB03_WB10 (26 modules) | B26: =B24*panel_default_modules_per_string | C26: V per string

Sheet Raw_Data_M2b
A1: Raw_Data_M2b — extended dummy data (WB05-INV05, 24 timestep)
A2: Skenario: 06:00-06:55 sunrise (I≈0, V≈Voc), 12:00-13:55 noon (full sun). PV3 punya HIGH-R fault (I drop 60%, V naik sedikit) → expected flag.
A4: Inverter_ID | B4: Start Time | C4: Inverter status | D4: PV1 input voltage(V) | E4: PV1 input current(A) | F4: PV2 input voltage(V) | G4: PV2 input current(A) | H4: PV3 input voltage(V) | I4: PV3 input current(A) | J4: PV4 input voltage(V) | K4: PV4 input current(A) | L4: PV5 input voltage(V) | M4: PV5 input current(A)
A5: WB05-INV05 | B5: 46156.25 | C5: Grid connected | D5: 1467.49 | E5: -0.023 | F5: 1469.34 | G5: 0.023 | H5: 1469.96 | I5: -0.036 | J5: 1468.08 | K5: -0.042 | L5: 0 | M5: 0
A6: WB05-INV05 | B6: 46156.253 | C6: Grid connected | D6: 1462.29 | E6: 0.071 | F6: 1464.79 | G6: 0.106 | H6: 1463.07 | I6: 0.11 | J6: 1465.42 | K6: 0.052 | L6: 0 | M6: 0
A7: WB05-INV05 | B7: 46156.257 | C7: Grid connected | D7: 1469.42 | E7: 0.105 | F7: 1471.89 | G7: 0.123 | H7: 1468.43 | I7: 0.099 | J7: 1471.45 | K7: 0.15 | L7: 0 | M7: 0
A8: WB05-INV05 | B8: 46156.26 | C8: Grid connected | D8: 1470.22 | E8: 0.193 | F8: 1469.59 | G8: 0.151 | H8: 1471.39 | I8: 0.158 | J8: 1471.52 | K8: 0.154 | L8: 0 | M8: 0
A9: WB05-INV05 | B9: 46156.264 | C9: Grid connected | D9: 1467.96 | E9: -0.012 | F9: 1467.36 | G9: -0.018 | H9: 1467.45 | I9: -0.013 | J9: 1469.59 | K9: -0.004 | L9: 0 | M9: 0
A10: WB05-INV05 | B10: 46156.267 | C10: Grid connected | D10: 1464.77 | E10: 0.086 | F10: 1466.29 | G10: 0.053 | H10: 1464.39 | I10: 0.065 | J10: 1464.36 | K10: 0.03 | L10: 0 | M10: 0
A11: WB05-INV05 | B11: 46156.271 | C11: Grid connected | D11: 1472.12 | E11: 0.146 | F11: 1473.27 | G11: 0.156 | H11: 1470.81 | I11: 0.081 | J11: 1471.16 | K11: 0.105 | L11: 0 | M11: 0
A12: WB05-INV05 | B12: 46156.274 | C12: Grid connected | D12: 1465.62 | E12: 0.17 | F12: 1464.73 | G12: 0.178 | H12: 1465.77 | I12: 0.184 | J12: 1463.17 | K12: 0.163 | L12: 0 | M12: 0
A13: WB05-INV05 | B13: 46156.278 | C13: Grid connected | D13: 1467.95 | E13: 0.092 | F13: 1467.21 | G13: 0.024 | H13: 1469.6 | I13: 0.054 | J13: 1465.98 | K13: 0.007 | L13: 0 | M13: 0
A14: WB05-INV05 | B14: 46156.281 | C14: Grid connected | D14: 1464.26 | E14: 0.118 | F14: 1461.35 | G14: 0.114 | H14: 1465.08 | I14: 0.128 | J14: 1464.98 | K14: 0.162 | L14: 0 | M14: 0
A15: WB05-INV05 | B15: 46156.285 | C15: Grid connected | D15: 1462.84 | E15: 0.148 | F15: 1461.18 | G15: 0.158 | H15: 1460.56 | I15: 0.138 | J15: 1461.93 | K15: 0.19 | L15: 0 | M15: 0
A16: WB05-INV05 | B16: 46156.288 | C16: Grid connected | D16: 1470.76 | E16: 0.021 | F16: 1472.41 | G16: 0.09 | H16: 1469.95 | I16: 0.067 | J16: 1471.19 | K16: 0.018 | L16: 0 | M16: 0
... A28: WB05-INV05 | B28: 46156.538 | C28: Grid connected | D28: 1193.66 | E28: 12.923 | F28: 1192.22 | G28: 12.868 | H28: 1230.64 | I28: 5.137 | J28: 1193.66 | K28: 12.918 | L28: 0 | M28: 0

Sheet Meteo_Dummy
A1: Meteo_Dummy — POA (Plane-of-Array) per timestamp
A2: Single source 'pyranometer_avg' (dummy). Produksi: 5 source fan-out (pyranometer_per_ws, pyranometer_avg, pvlib_clearsky_ineichen/simplified_solis/haurwitz).
A4: Start Time | B4: POA pyranometer_avg (W/m²) | C4: Notes
A5: 46156.25 | B5: 30 | C5: sunrise (below gate)
A6: 46156.253 | B6: 34.5 | C6: sunrise (below gate)
A7: 46156.257 | B7: 39.1 | C7: sunrise (below gate)
A8: 46156.26 | B8: 43.6 | C8: sunrise (below gate)
A9: 46156.264 | B9: 48.2 | C9: sunrise (below gate)
A10: 46156.267 | B10: 52.7 | C10: sunrise (below gate)
A11: 46156.271 | B11: 57.3 | C11: sunrise (below gate)
A12: 46156.274 | B12: 61.8 | C12: sunrise (below gate)
A13: 46156.278 | B13: 66.4 | C13: sunrise (below gate)
A14: 46156.281 | B14: 70.9 | C14: sunrise (below gate)
A15: 46156.285 | B15: 75.5 | C15: sunrise (below gate)
A16: 46156.288 | B16: 80 | C16: sunrise (below gate)
... A28: 46156.538 | B28: 912.6 | C28: noon (above gate)

Sheet Helpers_M2b
A1: Helpers_M2b — derived columns per row dari Raw_Data_M2b
A2: Per-row: POA value (VLOOKUP dari Meteo_Dummy), mask_poa, R_str per PV. Aggregate (R_str median per PV, fleet stats) ada di sheet M2b_PeerZScore.
A4: Inverter_ID | B4: Start Time | C4: status | D4: POA_Wm2 | E4: mask_poa | F4: is_on | G4: PV1_V | H4: PV1_I | I4: PV1_R | J4: PV1_voc_cand | K4: PV2_V | L4: PV2_I | M4: PV2_R | N4: PV2_voc_cand | O4: PV3_V | P4: PV3_I | Q4: PV3_R | R4: PV3_voc_cand | S4: PV4_V | T4: PV4_I | U4: PV4_R | V4: PV4_voc_cand | W4: PV5_V | X4: PV5_I | Y4: PV5_R | Z4: PV5_voc_cand
A5: =Raw_Data_M2b!A5 | B5: =Raw_Data_M2b!B5 | C5: =Raw_Data_M2b!C5 | D5: =IFERROR(VLOOKUP(B5,Meteo_Dummy!$A$5:$B$28,2,FALSE),0) | E5: =IF(AND(D5>cfg_poa_threshold_wm2,D5>cfg_poa_floor_wm2),1,0) | F5: =IF(ISNUMBER(SEARCH("grid connected",LOWER(C5))),1,0) | G5: =Raw_Data_M2b!D5 | H5: =Raw_Data_M2b!E5 | I5: =IF(E5=1, G5/MAX(H5,cfg_i_clip_floor_a), "") | J5: =IF(AND(ABS(H5)<cfg_i_threshold_a, G5>cfg_min_voc_v), G5, "") | K5: =Raw_Data_M2b!F5 | L5: =Raw_Data_M2b!G5 | M5: =IF(E5=1, K5/MAX(L5,cfg_i_clip_floor_a), "") | N5: =IF(AND(ABS(L5)<cfg_i_threshold_a, K5>cfg_min_voc_v), K5, "") | O5: =Raw_Data_M2b!H5 | P5: =Raw_Data_M2b!I5 | Q5: =IF(E5=1, O5/MAX(P5,cfg_i_clip_floor_a), "") | R5: =IF(AND(ABS(P5)<cfg_i_threshold_a, O5>cfg_min_voc_v), O5, "") | S5: =Raw_Data_M2b!J5 | T5: =Raw_Data_M2b!K5 | U5: =IF(E5=1, S5/MAX(T5,cfg_i_clip_floor_a), "") | V5: =IF(AND(ABS(T5)<cfg_i_threshold_a, S5>cfg_min_voc_v), S5, "") | W5: =Raw_Data_M2b!L5 | X5: =Raw_Data_M2b!M5 | Y5: =IF(E5=1, W5/MAX(X5,cfg_i_clip_floor_a), "") | Z5: =IF(AND(ABS(X5)<cfg_i_threshold_a, W5>cfg_min_voc_v), W5, "")
A6: =Raw_Data_M2b!A6 | B6: =Raw_Data_M2b!B6 | C6: =Raw_Data_M2b!C6 | D6: =IFERROR(VLOOKUP(B6,Meteo_Dummy!$A$5:$B$28,2,FALSE),0) | E6: =IF(AND(D6>cfg_poa_threshold_wm2,D6>cfg_poa_floor_wm2),1,0) | F6: =IF(ISNUMBER(SEARCH("grid connected",LOWER(C6))),1,0) | G6: =Raw_Data_M2b!D6 | H6: =Raw_Data_M2b!E6 | I6: =IF(E6=1, G6/MAX(H6,cfg_i_clip_floor_a), "") | J6: =IF(AND(ABS(H6)<cfg_i_threshold_a, G6>cfg_min_voc_v), G6, "") | K6: =Raw_Data_M2b!F6 | L6: =Raw_Data_M2b!G6 | M6: =IF(E6=1, K6/MAX(L6,cfg_i_clip_floor_a), "") | N6: =IF(AND(ABS(L6)<cfg_i_threshold_a, K6>cfg_min_voc_v), K6, "") | O6: =Raw_Data_M2b!H6 | P6: =Raw_Data_M2b!I6 | Q6: =IF(E6=1, O6/MAX(P6,cfg_i_clip_floor_a), "") | R6: =IF(AND(ABS(P6)<cfg_i_threshold_a, O6>cfg_min_voc_v), O6, "") | S6: =Raw_Data_M2b!J6 | T6: =Raw_Data_M2b!K6 | U6: =IF(E6=1, S6/MAX(T6,cfg_i_clip_floor_a), "") | V6: =IF(AND(ABS(T6)<cfg_i_threshold_a, S6>cfg_min_voc_v), S6, "") | W6: =Raw_Data_M2b!L6 | X6: =Raw_Data_M2b!M6 | Y6: =IF(E6=1, W6/MAX(X6,cfg_i_clip_floor_a), "") | Z6: =IF(AND(ABS(X6)<cfg_i_threshold_a, W6>cfg_min_voc_v), W6, "")
A7: =Raw_Data_M2b!A7 | B7: =Raw_Data_M2b!B7 | C7: =Raw_Data_M2b!C7 | D7: =IFERROR(VLOOKUP(B7,Meteo_Dummy!$A$5:$B$28,2,FALSE),0) | E7: =IF(AND(D7>cfg_poa_threshold_wm2,D7>cfg_poa_floor_wm2),1,0) | F7: =IF(ISNUMBER(SEARCH("grid connected",LOWER(C7))),1,0) | G7: =Raw_Data_M2b!D7 | H7: =Raw_Data_M2b!E7 | I7: =IF(E7=1, G7/MAX(H7,cfg_i_clip_floor_a), "") | J7: =IF(AND(ABS(H7)<cfg_i_threshold_a, G7>cfg_min_voc_v), G7, "") | K7: =Raw_Data_M2b!F7 | L7: =Raw_Data_M2b!G7 | M7: =IF(E7=1, K7/MAX(L7,cfg_i_clip_floor_a), "") | N7: =IF(AND(ABS(L7)<cfg_i_threshold_a, K7>cfg_min_voc_v), K7, "") | O7: =Raw_Data_M2b!H7 | P7: =Raw_Data_M2b!I7 | Q7: =IF(E7=1, O7/MAX(P7,cfg_i_clip_floor_a), "") | R7: =IF(AND(ABS(P7)<cfg_i_threshold_a, O7>cfg_min_voc_v), O7, "") | S7: =Raw_Data_M2b!J7 | T7: =Raw_Data_M2b!K7 | U7: =IF(E7=1, S7/MAX(T7,cfg_i_clip_floor_a), "") | V7: =IF(AND(ABS(T7)<cfg_i_threshold_a, S7>cfg_min_voc_v), S7, "") | W7: =Raw_Data_M2b!L7 | X7: =Raw_Data_M2b!M7 | Y7: =IF(E7=1, W7/MAX(X7,cfg_i_clip_floor_a), "") | Z7: =IF(AND(ABS(X7)<cfg_i_threshold_a, W7>cfg_min_voc_v), W7, "")
A8: =Raw_Data_M2b!A8 | B8: =Raw_Data_M2b!B8 | C8: =Raw_Data_M2b!C8 | D8: =IFERROR(VLOOKUP(B8,Meteo_Dummy!$A$5:$B$28,2,FALSE),0) | E8: =IF(AND(D8>cfg_poa_threshold_wm2,D8>cfg_poa_floor_wm2),1,0) | F8: =IF(ISNUMBER(SEARCH("grid connected",LOWER(C8))),1,0) | G8: =Raw_Data_M2b!D8 | H8: =Raw_Data_M2b!E8 | I8: =IF(E8=1, G8/MAX(H8,cfg_i_clip_floor_a), "") | J8: =IF(AND(ABS(H8)<cfg_i_threshold_a, G8>cfg_min_voc_v), G8, "") | K8: =Raw_Data_M2b!F8 | L8: =Raw_Data_M2b!G8 | M8: =IF(E8=1, K8/MAX(L8,cfg_i_clip_floor_a), "") | N8: =IF(AND(ABS(L8)<cfg_i_threshold_a, K8>cfg_min_voc_v), K8, "") | O8: =Raw_Data_M2b!H8 | P8: =Raw_Data_M2b!I8 | Q8: =IF(E8=1, O8/MAX(P8,cfg_i_clip_floor_a), "") | R8: =IF(AND(ABS(P8)<cfg_i_threshold_a, O8>cfg_min_voc_v), O8, "") | S8: =Raw_Data_M2b!J8 | T8: =Raw_Data_M2b!K8 | U8: =IF(E8=1, S8/MAX(T8,cfg_i_clip_floor_a), "") | V8: =IF(AND(ABS(T8)<cfg_i_threshold_a, S8>cfg_min_voc_v), S8, "") | W8: =Raw_Data_M2b!L8 | X8: =Raw_Data_M2b!M8 | Y8: =IF(E8=1, W8/MAX(X8,cfg_i_clip_floor_a), "") | Z8: =IF(AND(ABS(X8)<cfg_i_threshold_a, W8>cfg_min_voc_v), W8, "")
A9: =Raw_Data_M2b!A9 | B9: =Raw_Data_M2b!B9 | C9: =Raw_Data_M2b!C9 | D9: =IFERROR(VLOOKUP(B9,Meteo_Dummy!$A$5:$B$28,2,FALSE),0) | E9: =IF(AND(D9>cfg_poa_threshold_wm2,D9>cfg_poa_floor_wm2),1,0) | F9: =IF(ISNUMBER(SEARCH("grid connected",LOWER(C9))),1,0) | G9: =Raw_Data_M2b!D9 | H9: =Raw_Data_M2b!E9 | I9: =IF(E9=1, G9/MAX(H9,cfg_i_clip_floor_a), "") | J9: =IF(AND(ABS(H9)<cfg_i_threshold_a, G9>cfg_min_voc_v), G9, "") | K9: =Raw_Data_M2b!F9 | L9: =Raw_Data_M2b!G9 | M9: =IF(E9=1, K9/MAX(L9,cfg_i_clip_floor_a), "") | N9: =IF(AND(ABS(L9)<cfg_i_threshold_a, K9>cfg_min_voc_v), K9, "") | O9: =Raw_Data_M2b!H9 | P9: =Raw_Data_M2b!I9 | Q9: =IF(E9=1, O9/MAX(P9,cfg_i_clip_floor_a), "") | R9: =IF(AND(ABS(P9)<cfg_i_threshold_a, O9>cfg_min_voc_v), O9, "") | S9: =Raw_Data_M2b!J9 | T9: =Raw_Data_M2b!K9 | U9: =IF(E9=1, S9/MAX(T9,cfg_i_clip_floor_a), "") | V9: =IF(AND(ABS(T9)<cfg_i_threshold_a, S9>cfg_min_voc_v), S9, "") | W9: =Raw_Data_M2b!L9 | X9: =Raw_Data_M2b!M9 | Y9: =IF(E9=1, W9/MAX(X9,cfg_i_clip_floor_a), "") | Z9: =IF(AND(ABS(X9)<cfg_i_threshold_a, W9>cfg_min_voc_v), W9, "")
A10: =Raw_Data_M2b!A10 | B10: =Raw_Data_M2b!B10 | C10: =Raw_Data_M2b!C10 | D10: =IFERROR(VLOOKUP(B10,Meteo_Dummy!$A$5:$B$28,2,FALSE),0) | E10: =IF(AND(D10>cfg_poa_threshold_wm2,D10>cfg_poa_floor_wm2),1,0) | F10: =IF(ISNUMBER(SEARCH("grid connected",LOWER(C10))),1,0) | G10: =Raw_Data_M2b!D10 | H10: =Raw_Data_M2b!E10 | I10: =IF(E10=1, G10/MAX(H10,cfg_i_clip_floor_a), "") | J10: =IF(AND(ABS(H10)<cfg_i_threshold_a, G10>cfg_min_voc_v), G10, "") | K10: =Raw_Data_M2b!F10 | L10: =Raw_Data_M2b!G10 | M10: =IF(E10=1, K10/MAX(L10,cfg_i_clip_floor_a), "") | N10: =IF(AND(ABS(L10)<cfg_i_threshold_a, K10>cfg_min_voc_v), K10, "") | O10: =Raw_Data_M2b!H10 | P10: =Raw_Data_M2b!I10 | Q10: =IF(E10=1, O10/MAX(P10,cfg_i_clip_floor_a), "") | R10: =IF(AND(ABS(P10)<cfg_i_threshold_a, O10>cfg_min_voc_v), O10, "") | S10: =Raw_Data_M2b!J10 | T10: =Raw_Data_M2b!K10 | U10: =IF(E10=1, S10/MAX(T10,cfg_i_clip_floor_a), "") | V10: =IF(AND(ABS(T10)<cfg_i_threshold_a, S10>cfg_min_voc_v), S10, "") | W10: =Raw_Data_M2b!L10 | X10: =Raw_Data_M2b!M10 | Y10: =IF(E10=1, W10/MAX(X10,cfg_i_clip_floor_a), "") | Z10: =IF(AND(ABS(X10)<cfg_i_threshold_a, W10>cfg_min_voc_v), W10, "")
A11: =Raw_Data_M2b!A11 | B11: =Raw_Data_M2b!B11 | C11: =Raw_Data_M2b!C11 | D11: =IFERROR(VLOOKUP(B11,Meteo_Dummy!$A$5:$B$28,2,FALSE),0) | E11: =IF(AND(D11>cfg_poa_threshold_wm2,D11>cfg_poa_floor_wm2),1,0) | F11: =IF(ISNUMBER(SEARCH("grid connected",LOWER(C11))),1,0) | G11: =Raw_Data_M2b!D11 | H11: =Raw_Data_M2b!E11 | I11: =IF(E11=1, G11/MAX(H11,cfg_i_clip_floor_a), "") | J11: =IF(AND(ABS(H11)<cfg_i_threshold_a, G11>cfg_min_voc_v), G11, "") | K11: =Raw_Data_M2b!F11 | L11: =Raw_Data_M2b!G11 | M11: =IF(E11=1, K11/MAX(L11,cfg_i_clip_floor_a), "") | N11: =IF(AND(ABS(L11)<cfg_i_threshold_a, K11>cfg_min_voc_v), K11, "") | O11: =Raw_Data_M2b!H11 | P11: =Raw_Data_M2b!I11 | Q11: =IF(E11=1, O11/MAX(P11,cfg_i_clip_floor_a), "") | R11: =IF(AND(ABS(P11)<cfg_i_threshold_a, O11>cfg_min_voc_v), O11, "") | S11: =Raw_Data_M2b!J11 | T11: =Raw_Data_M2b!K11 | U11: =IF(E11=1, S11/MAX(T11,cfg_i_clip_floor_a), "") | V11: =IF(AND(ABS(T11)<cfg_i_threshold_a, S11>cfg_min_voc_v), S11, "") | W11: =Raw_Data_M2b!L11 | X11: =Raw_Data_M2b!M11 | Y11: =IF(E11=1, W11/MAX(X11,cfg_i_clip_floor_a), "") | Z11: =IF(AND(ABS(X11)<cfg_i_threshold_a, W11>cfg_min_voc_v), W11, "")
A12: =Raw_Data_M2b!A12 | B12: =Raw_Data_M2b!B12 | C12: =Raw_Data_M2b!C12 | D12: =IFERROR(VLOOKUP(B12,Meteo_Dummy!$A$5:$B$28,2,FALSE),0) | E12: =IF(AND(D12>cfg_poa_threshold_wm2,D12>cfg_poa_floor_wm2),1,0) | F12: =IF(ISNUMBER(SEARCH("grid connected",LOWER(C12))),1,0) | G12: =Raw_Data_M2b!D12 | H12: =Raw_Data_M2b!E12 | I12: =IF(E12=1, G12/MAX(H12,cfg_i_clip_floor_a), "") | J12: =IF(AND(ABS(H12)<cfg_i_threshold_a, G12>cfg_min_voc_v), G12, "") | K12: =Raw_Data_M2b!F12 | L12: =Raw_Data_M2b!G12 | M12: =IF(E12=1, K12/MAX(L12,cfg_i_clip_floor_a), "") | N12: =IF(AND(ABS(L12)<cfg_i_threshold_a, K12>cfg_min_voc_v), K12, "") | O12: =Raw_Data_M2b!H12 | P12: =Raw_Data_M2b!I12 | Q12: =IF(E12=1, O12/MAX(P12,cfg_i_clip_floor_a), "") | R12: =IF(AND(ABS(P12)<cfg_i_threshold_a, O12>cfg_min_voc_v), O12, "") | S12: =Raw_Data_M2b!J12 | T12: =Raw_Data_M2b!K12 | U12: =IF(E12=1, S12/MAX(T12,cfg_i_clip_floor_a), "") | V12: =IF(AND(ABS(T12)<cfg_i_threshold_a, S12>cfg_min_voc_v), S12, "") | W12: =Raw_Data_M2b!L12 | X12: =Raw_Data_M2b!M12 | Y12: =IF(E12=1, W12/MAX(X12,cfg_i_clip_floor_a), "") | Z12: =IF(AND(ABS(X12)<cfg_i_threshold_a, W12>cfg_min_voc_v), W12, "")
A13: =Raw_Data_M2b!A13 | B13: =Raw_Data_M2b!B13 | C13: =Raw_Data_M2b!C13 | D13: =IFERROR(VLOOKUP(B13,Meteo_Dummy!$A$5:$B$28,2,FALSE),0) | E13: =IF(AND(D13>cfg_poa_threshold_wm2,D13>cfg_poa_floor_wm2),1,0) | F13: =IF(ISNUMBER(SEARCH("grid connected",LOWER(C13))),1,0) | G13: =Raw_Data_M2b!D13 | H13: =Raw_Data_M2b!E13 | I13: =IF(E13=1, G13/MAX(H13,cfg_i_clip_floor_a), "") | J13: =IF(AND(ABS(H13)<cfg_i_threshold_a, G13>cfg_min_voc_v), G13, "") | K13: =Raw_Data_M2b!F13 | L13: =Raw_Data_M2b!G13 | M13: =IF(E13=1, K13/MAX(L13,cfg_i_clip_floor_a), "") | N13: =IF(AND(ABS(L13)<cfg_i_threshold_a, K13>cfg_min_voc_v), K13, "") | O13: =Raw_Data_M2b!H13 | P13: =Raw_Data_M2b!I13 | Q13: =IF(E13=1, O13/MAX(P13,cfg_i_clip_floor_a), "") | R13: =IF(AND(ABS(P13)<cfg_i_threshold_a, O13>cfg_min_voc_v), O13, "") | S13: =Raw_Data_M2b!J13 | T13: =Raw_Data_M2b!K13 | U13: =IF(E13=1, S13/MAX(T13,cfg_i_clip_floor_a), "") | V13: =IF(AND(ABS(T13)<cfg_i_threshold_a, S13>cfg_min_voc_v), S13, "") | W13: =Raw_Data_M2b!L13 | X13: =Raw_Data_M2b!M13 | Y13: =IF(E13=1, W13/MAX(X13,cfg_i_clip_floor_a), "") | Z13: =IF(AND(ABS(X13)<cfg_i_threshold_a, W13>cfg_min_voc_v), W13, "")
A14: =Raw_Data_M2b!A14 | B14: =Raw_Data_M2b!B14 | C14: =Raw_Data_M2b!C14 | D14: =IFERROR(VLOOKUP(B14,Meteo_Dummy!$A$5:$B$28,2,FALSE),0) | E14: =IF(AND(D14>cfg_poa_threshold_wm2,D14>cfg_poa_floor_wm2),1,0) | F14: =IF(ISNUMBER(SEARCH("grid connected",LOWER(C14))),1,0) | G14: =Raw_Data_M2b!D14 | H14: =Raw_Data_M2b!E14 | I14: =IF(E14=1, G14/MAX(H14,cfg_i_clip_floor_a), "") | J14: =IF(AND(ABS(H14)<cfg_i_threshold_a, G14>cfg_min_voc_v), G14, "") | K14: =Raw_Data_M2b!F14 | L14: =Raw_Data_M2b!G14 | M14: =IF(E14=1, K14/MAX(L14,cfg_i_clip_floor_a), "") | N14: =IF(AND(ABS(L14)<cfg_i_threshold_a, K14>cfg_min_voc_v), K14, "") | O14: =Raw_Data_M2b!H14 | P14: =Raw_Data_M2b!I14 | Q14: =IF(E14=1, O14/MAX(P14,cfg_i_clip_floor_a), "") | R14: =IF(AND(ABS(P14)<cfg_i_threshold_a, O14>cfg_min_voc_v), O14, "") | S14: =Raw_Data_M2b!J14 | T14: =Raw_Data_M2b!K14 | U14: =IF(E14=1, S14/MAX(T14,cfg_i_clip_floor_a), "") | V14: =IF(AND(ABS(T14)<cfg_i_threshold_a, S14>cfg_min_voc_v), S14, "") | W14: =Raw_Data_M2b!L14 | X14: =Raw_Data_M2b!M14 | Y14: =IF(E14=1, W14/MAX(X14,cfg_i_clip_floor_a), "") | Z14: =IF(AND(ABS(X14)<cfg_i_threshold_a, W14>cfg_min_voc_v), W14, "")
A15: =Raw_Data_M2b!A15 | B15: =Raw_Data_M2b!B15 | C15: =Raw_Data_M2b!C15 | D15: =IFERROR(VLOOKUP(B15,Meteo_Dummy!$A$5:$B$28,2,FALSE),0) | E15: =IF(AND(D15>cfg_poa_threshold_wm2,D15>cfg_poa_floor_wm2),1,0) | F15: =IF(ISNUMBER(SEARCH("grid connected",LOWER(C15))),1,0) | G15: =Raw_Data_M2b!D15 | H15: =Raw_Data_M2b!E15 | I15: =IF(E15=1, G15/MAX(H15,cfg_i_clip_floor_a), "") | J15: =IF(AND(ABS(H15)<cfg_i_threshold_a, G15>cfg_min_voc_v), G15, "") | K15: =Raw_Data_M2b!F15 | L15: =Raw_Data_M2b!G15 | M15: =IF(E15=1, K15/MAX(L15,cfg_i_clip_floor_a), "") | N15: =IF(AND(ABS(L15)<cfg_i_threshold_a, K15>cfg_min_voc_v), K15, "") | O15: =Raw_Data_M2b!H15 | P15: =Raw_Data_M2b!I15 | Q15: =IF(E15=1, O15/MAX(P15,cfg_i_clip_floor_a), "") | R15: =IF(AND(ABS(P15)<cfg_i_threshold_a, O15>cfg_min_voc_v), O15, "") | S15: =Raw_Data_M2b!J15 | T15: =Raw_Data_M2b!K15 | U15: =IF(E15=1, S15/MAX(T15,cfg_i_clip_floor_a), "") | V15: =IF(AND(ABS(T15)<cfg_i_threshold_a, S15>cfg_min_voc_v), S15, "") | W15: =Raw_Data_M2b!L15 | X15: =Raw_Data_M2b!M15 | Y15: =IF(E15=1, W15/MAX(X15,cfg_i_clip_floor_a), "") | Z15: =IF(AND(ABS(X15)<cfg_i_threshold_a, W15>cfg_min_voc_v), W15, "")
A16: =Raw_Data_M2b!A16 | B16: =Raw_Data_M2b!B16 | C16: =Raw_Data_M2b!C16 | D16: =IFERROR(VLOOKUP(B16,Meteo_Dummy!$A$5:$B$28,2,FALSE),0) | E16: =IF(AND(D16>cfg_poa_threshold_wm2,D16>cfg_poa_floor_wm2),1,0) | F16: =IF(ISNUMBER(SEARCH("grid connected",LOWER(C16))),1,0) | G16: =Raw_Data_M2b!D16 | H16: =Raw_Data_M2b!E16 | I16: =IF(E16=1, G16/MAX(H16,cfg_i_clip_floor_a), "") | J16: =IF(AND(ABS(H16)<cfg_i_threshold_a, G16>cfg_min_voc_v), G16, "") | K16: =Raw_Data_M2b!F16 | L16: =Raw_Data_M2b!G16 | M16: =IF(E16=1, K16/MAX(L16,cfg_i_clip_floor_a), "") | N16: =IF(AND(ABS(L16)<cfg_i_threshold_a, K16>cfg_min_voc_v), K16, "") | O16: =Raw_Data_M2b!H16 | P16: =Raw_Data_M2b!I16 | Q16: =IF(E16=1, O16/MAX(P16,cfg_i_clip_floor_a), "") | R16: =IF(AND(ABS(P16)<cfg_i_threshold_a, O16>cfg_min_voc_v), O16, "") | S16: =Raw_Data_M2b!J16 | T16: =Raw_Data_M2b!K16 | U16: =IF(E16=1, S16/MAX(T16,cfg_i_clip_floor_a), "") | V16: =IF(AND(ABS(T16)<cfg_i_threshold_a, S16>cfg_min_voc_v), S16, "") | W16: =Raw_Data_M2b!L16 | X16: =Raw_Data_M2b!M16 | Y16: =IF(E16=1, W16/MAX(X16,cfg_i_clip_floor_a), "") | Z16: =IF(AND(ABS(X16)<cfg_i_threshold_a, W16>cfg_min_voc_v), W16, "")
... A28: =Raw_Data_M2b!A28 | B28: =Raw_Data_M2b!B28 | C28: =Raw_Data_M2b!C28 | D28: =IFERROR(VLOOKUP(B28,Meteo_Dummy!$A$5:$B$28,2,FALSE),0) | E28: =IF(AND(D28>cfg_poa_threshold_wm2,D28>cfg_poa_floor_wm2),1,0) | F28: =IF(ISNUMBER(SEARCH("grid connected",LOWER(C28))),1,0) | G28: =Raw_Data_M2b!D28 | H28: =Raw_Data_M2b!E28 | I28: =IF(E28=1, G28/MAX(H28,cfg_i_clip_floor_a), "") | J28: =IF(AND(ABS(H28)<cfg_i_threshold_a, G28>cfg_min_voc_v), G28, "") | K28: =Raw_Data_M2b!F28 | L28: =Raw_Data_M2b!G28 | M28: =IF(E28=1, K28/MAX(L28,cfg_i_clip_floor_a), "") | N28: =IF(AND(ABS(L28)<cfg_i_threshold_a, K28>cfg_min_voc_v), K28, "") | O28: =Raw_Data_M2b!H28 | P28: =Raw_Data_M2b!I28 | Q28: =IF(E28=1, O28/MAX(P28,cfg_i_clip_floor_a), "") | R28: =IF(AND(ABS(P28)<cfg_i_threshold_a, O28>cfg_min_voc_v), O28, "") | S28: =Raw_Data_M2b!J28 | T28: =Raw_Data_M2b!K28 | U28: =IF(E28=1, S28/MAX(T28,cfg_i_clip_floor_a), "") | V28: =IF(AND(ABS(T28)<cfg_i_threshold_a, S28>cfg_min_voc_v), S28, "") | W28: =Raw_Data_M2b!L28 | X28: =Raw_Data_M2b!M28 | Y28: =IF(E28=1, W28/MAX(X28,cfg_i_clip_floor_a), "") | Z28: =IF(AND(ABS(X28)<cfg_i_threshold_a, W28>cfg_min_voc_v), W28, "")

Sheet M2b_PeerZScore
A1: M2b PeerZScore — agregat per PV (R_str median dari mask_poa samples) + Z-score + voc_ratio + fault decision
A2: Spec 4.2.1: |z| > 2.5 → flag. Spec 4.2.3 high_R: AND voc_ratio > 0.95 → emit. Confidence = min(90, |z|/4*100). Severity: |z| > 3.5 HIGH else MEDIUM.
A4: A. Per-PV string metrics (WB05-INV05, 5 PV strings)
A5: PV_string | B5: R_str (median) | C5: voc_actual_v (median I<0.5A) | D5: voc_string_nominal_v | E5: voc_ratio | F5: n_R_samples | G5: n_voc_samples
A6: PV1 | B6: =IF(IFERROR(IF(ISNUMBER(SEARCH(","&1&",",","&VLOOKUP("WB05-INV05",EmptyPVMap!$A$5:$B$9,2,FALSE)&",")),1,0),0)=1,"EMPTY",IFERROR(MEDIAN(Helpers_M2b!$I$5:$I$28),"")) | C6: =IF(IFERROR(IF(ISNUMBER(SEARCH(","&1&",",","&VLOOKUP("WB05-INV05",EmptyPVMap!$A$5:$B$9,2,FALSE)&",")),1,0),0)=1,"EMPTY",IFERROR(MEDIAN(Helpers_M2b!$J$5:$J$28),"")) | D6: =voc_string_26_calc | E6: =IFERROR(C6/D6,"") | F6: =COUNT(Helpers_M2b!$I$5:$I$28) | G6: =COUNT(Helpers_M2b!$J$5:$J$28)
A7: PV2 | B7: =IF(IFERROR(IF(ISNUMBER(SEARCH(","&2&",",","&VLOOKUP("WB05-INV05",EmptyPVMap!$A$5:$B$9,2,FALSE)&",")),1,0),0)=1,"EMPTY",IFERROR(MEDIAN(Helpers_M2b!$M$5:$M$28),"")) | C7: =IF(IFERROR(IF(ISNUMBER(SEARCH(","&2&",",","&VLOOKUP("WB05-INV05",EmptyPVMap!$A$5:$B$9,2,FALSE)&",")),1,0),0)=1,"EMPTY",IFERROR(MEDIAN(Helpers_M2b!$N$5:$N$28),"")) | D7: =voc_string_26_calc | E7: =IFERROR(C7/D7,"") | F7: =COUNT(Helpers_M2b!$M$5:$M$28) | G7: =COUNT(Helpers_M2b!$N$5:$N$28)
A8: PV3 | B8: =IF(IFERROR(IF(ISNUMBER(SEARCH(","&3&",",","&VLOOKUP("WB05-INV05",EmptyPVMap!$A$5:$B$9,2,FALSE)&",")),1,0),0)=1,"EMPTY",IFERROR(MEDIAN(Helpers_M2b!$Q$5:$Q$28),"")) | C8: =IF(IFERROR(IF(ISNUMBER(SEARCH(","&3&",",","&VLOOKUP("WB05-INV05",EmptyPVMap!$A$5:$B$9,2,FALSE)&",")),1,0),0)=1,"EMPTY",IFERROR(MEDIAN(Helpers_M2b!$R$5:$R$28),"")) | D8: =voc_string_26_calc | E8: =IFERROR(C8/D8,"") | F8: =COUNT(Helpers_M2b!$Q$5:$Q$28) | G8: =COUNT(Helpers_M2b!$R$5:$R$28)
A9: PV4 | B9: =IF(IFERROR(IF(ISNUMBER(SEARCH(","&4&",",","&VLOOKUP("WB05-INV05",EmptyPVMap!$A$5:$B$9,2,FALSE)&",")),1,0),0)=1,"EMPTY",IFERROR(MEDIAN(Helpers_M2b!$U$5:$U$28),"")) | C9: =IF(IFERROR(IF(ISNUMBER(SEARCH(","&4&",",","&VLOOKUP("WB05-INV05",EmptyPVMap!$A$5:$B$9,2,FALSE)&",")),1,0),0)=1,"EMPTY",IFERROR(MEDIAN(Helpers_M2b!$V$5:$V$28),"")) | D9: =voc_string_26_calc | E9: =IFERROR(C9/D9,"") | F9: =COUNT(Helpers_M2b!$U$5:$U$28) | G9: =COUNT(Helpers_M2b!$V$5:$V$28)
A10: PV5 | B10: =IF(IFERROR(IF(ISNUMBER(SEARCH(","&5&",",","&VLOOKUP("WB05-INV05",EmptyPVMap!$A$5:$B$9,2,FALSE)&",")),1,0),0)=1,"EMPTY",IFERROR(MEDIAN(Helpers_M2b!$Y$5:$Y$28),"")) | C10: =IF(IFERROR(IF(ISNUMBER(SEARCH(","&5&",",","&VLOOKUP("WB05-INV05",EmptyPVMap!$A$5:$B$9,2,FALSE)&",")),1,0),0)=1,"EMPTY",IFERROR(MEDIAN(Helpers_M2b!$Z$5:$Z$28),"")) | D10: =voc_string_26_calc | E10: =IFERROR(C10/D10,"") | F10: =COUNT(Helpers_M2b!$Y$5:$Y$28) | G10: =COUNT(Helpers_M2b!$Z$5:$Z$28)
A13: B. Fleet statistics across PV1..PV5 (skip blanks)
A14: Metric | B14: Value
A15: R_str fleet mean | B15: =AVERAGE(B6:B10)
A16: R_str fleet median | B16: =MEDIAN(B6:B10)
A17: R_str fleet std (sample stdev) | B17: =STDEV(B6:B10)
A20: C. Z-score & fault decision per PV
A21: PV_string | B21: z_mean | C21: z_median | D21: z_primary (per stat_method) | E21: flagged_by_z (|z|>2.5) | F21: voc_ok (voc_ratio>0.95) | G21: emit_finding | H21: fault_type | I21: severity | J21: confidence_pct | K21: message
A22: PV1 | B22: =IFERROR((B6-rstr_fleet_mean)/rstr_fleet_std,"") | C22: =IFERROR((B6-rstr_fleet_median)/rstr_fleet_std,"") | D22: =IF(cfg_stat_method="median",C22,IF(cfg_stat_method="mean",B22,IF(ABS(B22)>=ABS(C22),B22,C22))) | E22: =IF(ABS(D22)>cfg_z_threshold,1,0) | F22: =IFERROR(IF(E6>cfg_voc_ratio_threshold,1,0),0) | G22: =IF(AND(E22=1,F22=1),1,0) | H22: =IF(G22=1,"high_R","") | I22: =IF(G22=1,IF(ABS(D22)>cfg_z_high_threshold,"HIGH","MEDIUM"),"") | J22: =IF(G22=1,MIN(90,ABS(D22)/4*100),"") | K22: =IF(G22=1,"High-R suspect PV"&1&": |z|="&TEXT(ABS(D22),"0.00")&" voc_ratio="&TEXT(E6,"0.000"),"")
A23: PV2 | B23: =IFERROR((B7-rstr_fleet_mean)/rstr_fleet_std,"") | C23: =IFERROR((B7-rstr_fleet_median)/rstr_fleet_std,"") | D23: =IF(cfg_stat_method="median",C23,IF(cfg_stat_method="mean",B23,IF(ABS(B23)>=ABS(C23),B23,C23))) | E23: =IF(ABS(D23)>cfg_z_threshold,1,0) | F23: =IFERROR(IF(E7>cfg_voc_ratio_threshold,1,0),0) | G23: =IF(AND(E23=1,F23=1),1,0) | H23: =IF(G23=1,"high_R","") | I23: =IF(G23=1,IF(ABS(D23)>cfg_z_high_threshold,"HIGH","MEDIUM"),"") | J23: =IF(G23=1,MIN(90,ABS(D23)/4*100),"") | K23: =IF(G23=1,"High-R suspect PV"&2&": |z|="&TEXT(ABS(D23),"0.00")&" voc_ratio="&TEXT(E7,"0.000"),"")
A24: PV3 | B24: =IFERROR((B8-rstr_fleet_mean)/rstr_fleet_std,"") | C24: =IFERROR((B8-rstr_fleet_median)/rstr_fleet_std,"") | D24: =IF(cfg_stat_method="median",C24,IF(cfg_stat_method="mean",B24,IF(ABS(B24)>=ABS(C24),B24,C24))) | E24: =IF(ABS(D24)>cfg_z_threshold,1,0) | F24: =IFERROR(IF(E8>cfg_voc_ratio_threshold,1,0),0) | G24: =IF(AND(E24=1,F24=1),1,0) | H24: =IF(G24=1,"high_R","") | I24: =IF(G24=1,IF(ABS(D24)>cfg_z_high_threshold,"HIGH","MEDIUM"),"") | J24: =IF(G24=1,MIN(90,ABS(D24)/4*100),"") | K24: =IF(G24=1,"High-R suspect PV"&3&": |z|="&TEXT(ABS(D24),"0.00")&" voc_ratio="&TEXT(E8,"0.000"),"")
A25: PV4 | B25: =IFERROR((B9-rstr_fleet_mean)/rstr_fleet_std,"") | C25: =IFERROR((B9-rstr_fleet_median)/rstr_fleet_std,"") | D25: =IF(cfg_stat_method="median",C25,IF(cfg_stat_method="mean",B25,IF(ABS(B25)>=ABS(C25),B25,C25))) | E25: =IF(ABS(D25)>cfg_z_threshold,1,0) | F25: =IFERROR(IF(E9>cfg_voc_ratio_threshold,1,0),0) | G25: =IF(AND(E25=1,F25=1),1,0) | H25: =IF(G25=1,"high_R","") | I25: =IF(G25=1,IF(ABS(D25)>cfg_z_high_threshold,"HIGH","MEDIUM"),"") | J25: =IF(G25=1,MIN(90,ABS(D25)/4*100),"") | K25: =IF(G25=1,"High-R suspect PV"&4&": |z|="&TEXT(ABS(D25),"0.00")&" voc_ratio="&TEXT(E9,"0.000"),"")
A26: PV5 | B26: =IFERROR((B10-rstr_fleet_mean)/rstr_fleet_std,"") | C26: =IFERROR((B10-rstr_fleet_median)/rstr_fleet_std,"") | H26: =IF(G26=1,"high_R","") | I26: =IF(G26=1,IF(ABS(D26)>cfg_z_high_threshold,"HIGH","MEDIUM"),"") | J26: =IF(G26=1,MIN(90,ABS(D26)/4*100),"") | K26: =IF(G26=1,"High-R suspect PV"&5&": |z|="&TEXT(ABS(D26),"0.00")&" voc_ratio="&TEXT(E10,"0.000"),"")

Sheet M2b_StringStatus
A1: M2b_StringStatus — replika Python self.artifacts['StringStatus']
A2: Pull dari M2b_PeerZScore sections A & C.
A4: poa_source | B4: inverter_id | C4: wb_id | D4: pv_string | E4: status | F4: rstr | G4: rstr_fleet_median | H4: rstr_fleet_std | I4: z_mean | J4: z_median | K4: voc_actual_v | L4: voc_string_nominal_v | M4: voc_ratio | N4: voc_ok | O4: emitted_finding
A5: pyranometer_avg | B5: WB05-INV05 | C5: WB05 | D5: PV1 | E5: =IF(M2b_PeerZScore!G22=1,"high_R","NORMAL") | F5: =M2b_PeerZScore!B6 | G5: =rstr_fleet_median | H5: =rstr_fleet_std | I5: =M2b_PeerZScore!B22 | J5: =M2b_PeerZScore!C22 | K5: =M2b_PeerZScore!C6 | L5: =M2b_PeerZScore!D6 | M5: =M2b_PeerZScore!E6 | N5: =M2b_PeerZScore!F22 | O5: =M2b_PeerZScore!G22
A6: pyranometer_avg | B6: WB05-INV05 | C6: WB05 | D6: PV2 | E6: =IF(M2b_PeerZScore!G23=1,"high_R","NORMAL") | F6: =M2b_PeerZScore!B7 | G6: =rstr_fleet_median | H6: =rstr_fleet_std | I6: =M2b_PeerZScore!B23 | J6: =M2b_PeerZScore!C23 | K6: =M2b_PeerZScore!C7 | L6: =M2b_PeerZScore!D7 | M6: =M2b_PeerZScore!E7 | N6: =M2b_PeerZScore!F23 | O6: =M2b_PeerZScore!G23
A7: pyranometer_avg | B7: WB05-INV05 | C7: WB05 | D7: PV3 | E7: =IF(M2b_PeerZScore!G24=1,"high_R","NORMAL") | F7: =M2b_PeerZScore!B8 | G7: =rstr_fleet_median | H7: =rstr_fleet_std | I7: =M2b_PeerZScore!B24 | J7: =M2b_PeerZScore!C24 | K7: =M2b_PeerZScore!C8 | L7: =M2b_PeerZScore!D8 | M7: =M2b_PeerZScore!E8 | N7: =M2b_PeerZScore!F24 | O7: =M2b_PeerZScore!G24
A8: pyranometer_avg | B8: WB05-INV05 | C8: WB05 | D8: PV4 | E8: =IF(M2b_PeerZScore!G25=1,"high_R","NORMAL") | F8: =M2b_PeerZScore!B9 | G8: =rstr_fleet_median | H8: =rstr_fleet_std | I8: =M2b_PeerZScore!B25 | J8: =M2b_PeerZScore!C25 | K8: =M2b_PeerZScore!C9 | L8: =M2b_PeerZScore!D9 | M8: =M2b_PeerZScore!E9 | N8: =M2b_PeerZScore!F25 | O8: =M2b_PeerZScore!G25
A9: pyranometer_avg | B9: WB05-INV05 | C9: WB05 | D9: PV5 | E9: EMPTY | F9: =M2b_PeerZScore!B10 | G9: =rstr_fleet_median | H9: =rstr_fleet_std | I9: =M2b_PeerZScore!B26 | J9: =M2b_PeerZScore!C26 | K9: =M2b_PeerZScore!C10 | L9: =M2b_PeerZScore!D10 | M9: =M2b_PeerZScore!E10 | N9: =M2b_PeerZScore!F26 | O9: =M2b_PeerZScore!G26

Sheet M2b_StatComparison
A1: M2b StatComparison — Z-score mean vs median cross-check
A2: Spec dual-stat: |z_mean| dan |z_median| dievaluasi. flagged_by_mean / flagged_by_median. Median lebih robust ke outlier (PV3 fault tidak skew median sebanyak mean).
A4: PV_string | B4: R_str | C4: z_mean (vs fleet_mean) | D4: z_median (vs fleet_median) | E4: |z_mean| > 2.5? | F4: |z_median| > 2.5? | G4: agree (both flagged)? | H4: diff |z_mean - z_median|
A5: PV1 | B5: =M2b_PeerZScore!B6 | C5: =M2b_PeerZScore!B22 | D5: =M2b_PeerZScore!C22 | E5: =IF(ABS(C5)>cfg_z_threshold,1,0) | F5: =IF(ABS(D5)>cfg_z_threshold,1,0) | G5: =IF(AND(E5=1,F5=1),1,IF(OR(E5=1,F5=1),"disagree",0)) | H5: =IFERROR(ABS(C5-D5),"")
A6: PV2 | B6: =M2b_PeerZScore!B7 | C6: =M2b_PeerZScore!B23 | D6: =M2b_PeerZScore!C23 | E6: =IF(ABS(C6)>cfg_z_threshold,1,0) | F6: =IF(ABS(D6)>cfg_z_threshold,1,0) | G6: =IF(AND(E6=1,F6=1),1,IF(OR(E6=1,F6=1),"disagree",0)) | H6: =IFERROR(ABS(C6-D6),"")
A7: PV3 | B7: =M2b_PeerZScore!B8 | C7: =M2b_PeerZScore!B24 | D7: =M2b_PeerZScore!C24 | E7: =IF(ABS(C7)>cfg_z_threshold,1,0) | F7: =IF(ABS(D7)>cfg_z_threshold,1,0) | G7: =IF(AND(E7=1,F7=1),1,IF(OR(E7=1,F7=1),"disagree",0)) | H7: =IFERROR(ABS(C7-D7),"")
A8: PV4 | B8: =M2b_PeerZScore!B9 | C8: =M2b_PeerZScore!B25 | D8: =M2b_PeerZScore!C25 | E8: =IF(ABS(C8)>cfg_z_threshold,1,0) | F8: =IF(ABS(D8)>cfg_z_threshold,1,0) | G8: =IF(AND(E8=1,F8=1),1,IF(OR(E8=1,F8=1),"disagree",0)) | H8: =IFERROR(ABS(C8-D8),"")
A9: PV5 | B9: =M2b_PeerZScore!B10 | C9: =M2b_PeerZScore!B26 | D9: =M2b_PeerZScore!C26 | E9: =IF(ABS(C9)>cfg_z_threshold,1,0) | F9: =IF(ABS(D9)>cfg_z_threshold,1,0) | G9: =IF(AND(E9=1,F9=1),1,IF(OR(E9=1,F9=1),"disagree",0)) | H9: =IFERROR(ABS(C9-D9),"")

Sheet Hampel_Preprocessing
A1: Hampel Preprocessing — A/B comparison V series original vs Hampel-cleaned
A2: Demo Wave 9: rolling median window 15 (75-min) + MAD-based outlier mask. Approximation of pvanalytics.quality.outliers.hampel(). Toggle via cfg_enabled.
A4: Note: rolling_MAD pakai AVEDEV (mean-abs-dev) = proxy MAD universal-compatible (MEDIAN(IF()) array gagal tanpa CSE di LibreOffice). True Hampel = median-abs-dev x 1.4826; AVEDEV strict ~1.2533. Demo mekanisme, bukan filter produksi (preprocessing.py pakai pvanalytics).
A5: Start Time | B5: PV3_V_original | C5: rolling_median (window 15) | D5: abs_dev_from_median | E5: rolling_MAD | F5: deviation_in_MAD_sigma | G5: is_outlier | H5: PV3_V_cleaned
A6: =Helpers_M2b!B5 | B6: =Helpers_M2b!O5 | C6: =MEDIAN(B6:B6) | D6: =ABS(B6-C6) | E6: =AVEDEV(B6:B6) | F6: =IFERROR(D6/(1.4826*E6),0) | G6: =IF(F6>cfg_hampel_max_deviation,1,0) | H6: =IF(G6=1,"",B6)
A7: =Helpers_M2b!B6 | B7: =Helpers_M2b!O6 | C7: =MEDIAN(B6:B7) | D7: =ABS(B7-C7) | E7: =AVEDEV(B6:B7) | F7: =IFERROR(D7/(1.4826*E7),0) | G7: =IF(F7>cfg_hampel_max_deviation,1,0) | H7: =IF(G7=1,"",B7)
A8: =Helpers_M2b!B7 | B8: =Helpers_M2b!O7 | C8: =MEDIAN(B6:B8) | D8: =ABS(B8-C8) | E8: =AVEDEV(B6:B8) | F8: =IFERROR(D8/(1.4826*E8),0) | G8: =IF(F8>cfg_hampel_max_deviation,1,0) | H8: =IF(G8=1,"",B8)
A9: =Helpers_M2b!B8 | B9: =Helpers_M2b!O8 | C9: =MEDIAN(B6:B9) | D9: =ABS(B9-C9) | E9: =AVEDEV(B6:B9) | F9: =IFERROR(D9/(1.4826*E9),0) | G9: =IF(F9>cfg_hampel_max_deviation,1,0) | H9: =IF(G9=1,"",B9)
A10: =Helpers_M2b!B9 | B10: =Helpers_M2b!O9 | C10: =MEDIAN(B6:B10) | D10: =ABS(B10-C10) | E10: =AVEDEV(B6:B10) | F10: =IFERROR(D10/(1.4826*E10),0) | G10: =IF(F10>cfg_hampel_max_deviation,1,0) | H10: =IF(G10=1,"",B10)
A11: =Helpers_M2b!B10 | B11: =Helpers_M2b!O10 | C11: =MEDIAN(B6:B11) | D11: =ABS(B11-C11) | E11: =AVEDEV(B6:B11) | F11: =IFERROR(D11/(1.4826*E11),0) | G11: =IF(F11>cfg_hampel_max_deviation,1,0) | H11: =IF(G11=1,"",B11)
A12: =Helpers_M2b!B11 | B12: =Helpers_M2b!O11 | C12: =MEDIAN(B6:B12) | D12: =ABS(B12-C12) | E12: =AVEDEV(B6:B12) | F12: =IFERROR(D12/(1.4826*E12),0) | G12: =IF(F12>cfg_hampel_max_deviation,1,0) | H12: =IF(G12=1,"",B12)
A13: =Helpers_M2b!B12 | B13: =Helpers_M2b!O12 | C13: =MEDIAN(B6:B13) | D13: =ABS(B13-C13) | E13: =AVEDEV(B6:B13) | F13: =IFERROR(D13/(1.4826*E13),0) | G13: =IF(F13>cfg_hampel_max_deviation,1,0) | H13: =IF(G13=1,"",B13)
A14: =Helpers_M2b!B13 | B14: =Helpers_M2b!O13 | C14: =MEDIAN(B6:B14) | D14: =ABS(B14-C14) | E14: =AVEDEV(B6:B14) | F14: =IFERROR(D14/(1.4826*E14),0) | G14: =IF(F14>cfg_hampel_max_deviation,1,0) | H14: =IF(G14=1,"",B14)
A15: =Helpers_M2b!B14 | B15: =Helpers_M2b!O14 | C15: =MEDIAN(B6:B15) | D15: =ABS(B15-C15) | E15: =AVEDEV(B6:B15) | F15: =IFERROR(D15/(1.4826*E15),0) | G15: =IF(F15>cfg_hampel_max_deviation,1,0) | H15: =IF(G15=1,"",B15)
A16: =Helpers_M2b!B15 | B16: =Helpers_M2b!O15 | C16: =MEDIAN(B6:B16) | D16: =ABS(B16-C16) | E16: =AVEDEV(B6:B16) | F16: =IFERROR(D16/(1.4826*E16),0) | G16: =IF(F16>cfg_hampel_max_deviation,1,0) | H16: =IF(G16=1,"",B16)
A17: =Helpers_M2b!B16 | B17: =Helpers_M2b!O16 | C17: =MEDIAN(B6:B17) | D17: =ABS(B17-C17) | E17: =AVEDEV(B6:B17) | F17: =IFERROR(D17/(1.4826*E17),0) | G17: =IF(F17>cfg_hampel_max_deviation,1,0) | H17: =IF(G17=1,"",B17)
A18: =Helpers_M2b!B17 | B18: =Helpers_M2b!O17 | C18: =MEDIAN(B6:B18) | D18: =ABS(B18-C18) | E18: =AVEDEV(B6:B18) | F18: =IFERROR(D18/(1.4826*E18),0) | G18: =IF(F18>cfg_hampel_max_deviation,1,0) | H18: =IF(G18=1,"",B18)
A19: =Helpers_M2b!B18 | B19: =Helpers_M2b!O18 | C19: =MEDIAN(B6:B19) | D19: =ABS(B19-C19) | E19: =AVEDEV(B6:B19) | F19: =IFERROR(D19/(1.4826*E19),0) | G19: =IF(F19>cfg_hampel_max_deviation,1,0) | H19: =IF(G19=1,"",B19)
A20: =Helpers_M2b!B19 | B20: =Helpers_M2b!O19 | C20: =MEDIAN(B6:B20) | D20: =ABS(B20-C20) | E20: =AVEDEV(B6:B20) | F20: =IFERROR(D20/(1.4826*E20),0) | G20: =IF(F20>cfg_hampel_max_deviation,1,0) | H20: =IF(G20=1,"",B20)
A21: =Helpers_M2b!B20 | B21: =Helpers_M2b!O20 | C21: =MEDIAN(B7:B21) | D21: =ABS(B21-C21) | E21: =AVEDEV(B7:B21) | F21: =IFERROR(D21/(1.4826*E21),0) | G21: =IF(F21>cfg_hampel_max_deviation,1,0) | H21: =IF(G21=1,"",B21)
A22: =Helpers_M2b!B21 | B22: =Helpers_M2b!O21 | C22: =MEDIAN(B8:B22) | D22: =ABS(B22-C22) | E22: =AVEDEV(B8:B22) | F22: =IFERROR(D22/(1.4826*E22),0) | G22: =IF(F22>cfg_hampel_max_deviation,1,0) | H22: =IF(G22=1,"",B22)
A23: =Helpers_M2b!B22 | B23: =Helpers_M2b!O22 | C23: =MEDIAN(B9:B23) | D23: =ABS(B23-C23) | E23: =AVEDEV(B9:B23) | F23: =IFERROR(D23/(1.4826*E23),0) | G23: =IF(F23>cfg_hampel_max_deviation,1,0) | H23: =IF(G23=1,"",B23)
A24: =Helpers_M2b!B23 | B24: =Helpers_M2b!O23 | C24: =MEDIAN(B10:B24) | D24: =ABS(B24-C24) | E24: =AVEDEV(B10:B24) | F24: =IFERROR(D24/(1.4826*E24),0) | G24: =IF(F24>cfg_hampel_max_deviation,1,0) | H24: =IF(G24=1,"",B24)
A25: =Helpers_M2b!B24 | B25: =Helpers_M2b!O24 | C25: =MEDIAN(B11:B25) | D25: =ABS(B25-C25) | E25: =AVEDEV(B11:B25) | F25: =IFERROR(D25/(1.4826*E25),0) | G25: =IF(F25>cfg_hampel_max_deviation,1,0) | H25: =IF(G25=1,"",B25)
A26: =Helpers_M2b!B25 | B26: =Helpers_M2b!O25 | C26: =MEDIAN(B12:B26) | D26: =ABS(B26-C26) | E26: =AVEDEV(B12:B26) | F26: =IFERROR(D26/(1.4826*E26),0) | G26: =IF(F26>cfg_hampel_max_deviation,1,0) | H26: =IF(G26=1,"",B26)
A27: =Helpers_M2b!B26 | B27: =Helpers_M2b!O26 | C27: =MEDIAN(B13:B27) | D27: =ABS(B27-C27) | E27: =AVEDEV(B13:B27) | F27: =IFERROR(D27/(1.4826*E27),0) | G27: =IF(F27>cfg_hampel_max_deviation,1,0) | H27: =IF(G27=1,"",B27)
A28: =Helpers_M2b!B27 | B28: =Helpers_M2b!O27 | C28: =MEDIAN(B14:B28) | D28: =ABS(B28-C28) | E28: =AVEDEV(B14:B28) | F28: =IFERROR(D28/(1.4826*E28),0) | G28: =IF(F28>cfg_hampel_max_deviation,1,0) | H28: =IF(G28=1,"",B28)
A29: =Helpers_M2b!B28 | B29: =Helpers_M2b!O28 | C29: =MEDIAN(B15:B29) | D29: =ABS(B29-C29) | E29: =AVEDEV(B15:B29) | F29: =IFERROR(D29/(1.4826*E29),0) | G29: =IF(F29>cfg_hampel_max_deviation,1,0) | H29: =IF(G29=1,"",B29)

Sheet Raw_Data_OC
A1: Raw_Data_OC — time-series arus per PV string (WB05-INV05)
A2: Dummy 1 inverter, 5 PV string. PV1/PV2 healthy · PV3 GENUINE open-circuit · PV4 glitch 3-step · PV5 EMPTY.
A3: 24 baris daylight (12:00–13:55 @5-min, POA=900) + 2 baris twilight (18:10/18:20, POA=120 → gated). Ganti dengan data Huawei aktual (paste over).
A4: Start Time | B4: POA (W/m²) | C4: PV1 input current(A) | D4: PV2 input current(A) | E4: PV3 input current(A) | F4: PV4 input current(A) | G4: PV5 input current(A)
A5: 46156.5 | B5: 900 | C5: 13 | D5: 12.8 | E5: 0.1 | F5: 12.9 | G5: 0
A6: 46156.503 | B6: 900 | C6: 13 | D6: 12.8 | E6: 0.1 | F6: 12.9 | G6: 0
A7: 46156.507 | B7: 900 | C7: 13 | D7: 12.8 | E7: 0.1 | F7: 12.9 | G7: 0
A8: 46156.51 | B8: 900 | C8: 13 | D8: 12.8 | E8: 0.1 | F8: 12.9 | G8: 0
A9: 46156.514 | B9: 900 | C9: 13 | D9: 12.8 | E9: 0.1 | F9: 0.05 | G9: 0
A10: 46156.517 | B10: 900 | C10: 13 | D10: 12.8 | E10: 0.1 | F10: 0.05 | G10: 0
A11: 46156.521 | B11: 900 | C11: 13 | D11: 12.8 | E11: 0.1 | F11: 0.05 | G11: 0
A12: 46156.524 | B12: 900 | C12: 13 | D12: 12.8 | E12: 0.1 | F12: 12.9 | G12: 0
A13: 46156.528 | B13: 900 | C13: 13 | D13: 12.8 | E13: 0.1 | F13: 12.9 | G13: 0
A14: 46156.531 | B14: 900 | C14: 13 | D14: 12.8 | E14: 0.1 | F14: 12.9 | G14: 0
A15: 46156.535 | B15: 900 | C15: 13 | D15: 12.8 | E15: 0.1 | F15: 12.9 | G15: 0
A16: 46156.538 | B16: 900 | C16: 13 | D16: 12.8 | E16: 0.1 | F16: 12.9 | G16: 0
... A30: 46156.764 | B30: 120 | C30: 0 | D30: 0 | E30: 0 | F30: 0 | G30: 0

Sheet Helpers_OC
A1: Helpers_OC — jembatan open_circuit.py (per-row mekanik)
A2: I_q95 = PERCENTILE(arus PV1..PV5 baris itu, 0.95) ≡ quantile(0.95,axis=1). ratio = I/MAX(I_q95,0.01). qualifying = (ratio<thr) DAN daylight.
A3: consec = running counter qualifying konsekutif (reset saat gagal). emit <=> MAX(consec) ≥ debounce. Production juga AND solar_elev>5° & inverter-shutdown (ephemeris, tak direplika statis).
A4: Start Time | B4: POA | C4: daylight | D4: I_q95 | E4: ratio PV1 | F4: ratio PV2 | G4: ratio PV3 | H4: ratio PV4 | I4: ratio PV5 | J4: qual PV1 | K4: qual PV2 | L4: qual PV3 | M4: qual PV4 | N4: qual PV5 | O4: consec PV1 | P4: consec PV2 | Q4: consec PV3 | R4: consec PV4 | S4: consec PV5
A5: =Raw_Data_OC!A5 | B5: =Raw_Data_OC!B5 | C5: =IF(AND(B5>cfg_oc_poa_threshold_wm2,B5>cfg_oc_poa_floor_wm2),1,0) | D5: =PERCENTILE(Raw_Data_OC!C5:G5,0.95) | E5: =Raw_Data_OC!C5/MAX($D5,cfg_oc_iq95_clip) | F5: =Raw_Data_OC!D5/MAX($D5,cfg_oc_iq95_clip) | G5: =Raw_Data_OC!E5/MAX($D5,cfg_oc_iq95_clip) | H5: =Raw_Data_OC!F5/MAX($D5,cfg_oc_iq95_clip) | I5: =Raw_Data_OC!G5/MAX($D5,cfg_oc_iq95_clip) | J5: =IF(AND(E5<cfg_oc_i_ratio_threshold,$C5=1),1,0) | K5: =IF(AND(F5<cfg_oc_i_ratio_threshold,$C5=1),1,0) | L5: =IF(AND(G5<cfg_oc_i_ratio_threshold,$C5=1),1,0) | M5: =IF(AND(H5<cfg_oc_i_ratio_threshold,$C5=1),1,0) | N5: =IF(AND(I5<cfg_oc_i_ratio_threshold,$C5=1),1,0) | O5: =J5 | P5: =K5 | Q5: =L5 | R5: =M5 | S5: =N5
A6: =Raw_Data_OC!A6 | B6: =Raw_Data_OC!B6 | C6: =IF(AND(B6>cfg_oc_poa_threshold_wm2,B6>cfg_oc_poa_floor_wm2),1,0) | D6: =PERCENTILE(Raw_Data_OC!C6:G6,0.95) | E6: =Raw_Data_OC!C6/MAX($D6,cfg_oc_iq95_clip) | F6: =Raw_Data_OC!D6/MAX($D6,cfg_oc_iq95_clip) | G6: =Raw_Data_OC!E6/MAX($D6,cfg_oc_iq95_clip) | H6: =Raw_Data_OC!F6/MAX($D6,cfg_oc_iq95_clip) | I6: =Raw_Data_OC!G6/MAX($D6,cfg_oc_iq95_clip) | J6: =IF(AND(E6<cfg_oc_i_ratio_threshold,$C6=1),1,0) | K6: =IF(AND(F6<cfg_oc_i_ratio_threshold,$C6=1),1,0) | L6: =IF(AND(G6<cfg_oc_i_ratio_threshold,$C6=1),1,0) | M6: =IF(AND(H6<cfg_oc_i_ratio_threshold,$C6=1),1,0) | N6: =IF(AND(I6<cfg_oc_i_ratio_threshold,$C6=1),1,0) | O6: =IF(J6=1,O5+1,0) | P6: =IF(K6=1,P5+1,0) | Q6: =IF(L6=1,Q5+1,0) | R6: =IF(M6=1,R5+1,0) | S6: =IF(N6=1,S5+1,0)
A7: =Raw_Data_OC!A7 | B7: =Raw_Data_OC!B7 | C7: =IF(AND(B7>cfg_oc_poa_threshold_wm2,B7>cfg_oc_poa_floor_wm2),1,0) | D7: =PERCENTILE(Raw_Data_OC!C7:G7,0.95) | E7: =Raw_Data_OC!C7/MAX($D7,cfg_oc_iq95_clip) | F7: =Raw_Data_OC!D7/MAX($D7,cfg_oc_iq95_clip) | G7: =Raw_Data_OC!E7/MAX($D7,cfg_oc_iq95_clip) | H7: =Raw_Data_OC!F7/MAX($D7,cfg_oc_iq95_clip) | I7: =Raw_Data_OC!G7/MAX($D7,cfg_oc_iq95_clip) | J7: =IF(AND(E7<cfg_oc_i_ratio_threshold,$C7=1),1,0) | K7: =IF(AND(F7<cfg_oc_i_ratio_threshold,$C7=1),1,0) | L7: =IF(AND(G7<cfg_oc_i_ratio_threshold,$C7=1),1,0) | M7: =IF(AND(H7<cfg_oc_i_ratio_threshold,$C7=1),1,0) | N7: =IF(AND(I7<cfg_oc_i_ratio_threshold,$C7=1),1,0) | O7: =IF(J7=1,O6+1,0) | P7: =IF(K7=1,P6+1,0) | Q7: =IF(L7=1,Q6+1,0) | R7: =IF(M7=1,R6+1,0) | S7: =IF(N7=1,S6+1,0)
A8: =Raw_Data_OC!A8 | B8: =Raw_Data_OC!B8 | C8: =IF(AND(B8>cfg_oc_poa_threshold_wm2,B8>cfg_oc_poa_floor_wm2),1,0) | D8: =PERCENTILE(Raw_Data_OC!C8:G8,0.95) | E8: =Raw_Data_OC!C8/MAX($D8,cfg_oc_iq95_clip) | F8: =Raw_Data_OC!D8/MAX($D8,cfg_oc_iq95_clip) | G8: =Raw_Data_OC!E8/MAX($D8,cfg_oc_iq95_clip) | H8: =Raw_Data_OC!F8/MAX($D8,cfg_oc_iq95_clip) | I8: =Raw_Data_OC!G8/MAX($D8,cfg_oc_iq95_clip) | J8: =IF(AND(E8<cfg_oc_i_ratio_threshold,$C8=1),1,0) | K8: =IF(AND(F8<cfg_oc_i_ratio_threshold,$C8=1),1,0) | L8: =IF(AND(G8<cfg_oc_i_ratio_threshold,$C8=1),1,0) | M8: =IF(AND(H8<cfg_oc_i_ratio_threshold,$C8=1),1,0) | N8: =IF(AND(I8<cfg_oc_i_ratio_threshold,$C8=1),1,0) | O8: =IF(J8=1,O7+1,0) | P8: =IF(K8=1,P7+1,0) | Q8: =IF(L8=1,Q7+1,0) | R8: =IF(M8=1,R7+1,0) | S8: =IF(N8=1,S7+1,0)
A9: =Raw_Data_OC!A9 | B9: =Raw_Data_OC!B9 | C9: =IF(AND(B9>cfg_oc_poa_threshold_wm2,B9>cfg_oc_poa_floor_wm2),1,0) | D9: =PERCENTILE(Raw_Data_OC!C9:G9,0.95) | E9: =Raw_Data_OC!C9/MAX($D9,cfg_oc_iq95_clip) | F9: =Raw_Data_OC!D9/MAX($D9,cfg_oc_iq95_clip) | G9: =Raw_Data_OC!E9/MAX($D9,cfg_oc_iq95_clip) | H9: =Raw_Data_OC!F9/MAX($D9,cfg_oc_iq95_clip) | I9: =Raw_Data_OC!G9/MAX($D9,cfg_oc_iq95_clip) | J9: =IF(AND(E9<cfg_oc_i_ratio_threshold,$C9=1),1,0) | K9: =IF(AND(F9<cfg_oc_i_ratio_threshold,$C9=1),1,0) | L9: =IF(AND(G9<cfg_oc_i_ratio_threshold,$C9=1),1,0) | M9: =IF(AND(H9<cfg_oc_i_ratio_threshold,$C9=1),1,0) | N9: =IF(AND(I9<cfg_oc_i_ratio_threshold,$C9=1),1,0) | O9: =IF(J9=1,O8+1,0) | P9: =IF(K9=1,P8+1,0) | Q9: =IF(L9=1,Q8+1,0) | R9: =IF(M9=1,R8+1,0) | S9: =IF(N9=1,S8+1,0)
A10: =Raw_Data_OC!A10 | B10: =Raw_Data_OC!B10 | C10: =IF(AND(B10>cfg_oc_poa_threshold_wm2,B10>cfg_oc_poa_floor_wm2),1,0) | D10: =PERCENTILE(Raw_Data_OC!C10:G10,0.95) | E10: =Raw_Data_OC!C10/MAX($D10,cfg_oc_iq95_clip) | F10: =Raw_Data_OC!D10/MAX($D10,cfg_oc_iq95_clip) | G10: =Raw_Data_OC!E10/MAX($D10,cfg_oc_iq95_clip) | H10: =Raw_Data_OC!F10/MAX($D10,cfg_oc_iq95_clip) | I10: =Raw_Data_OC!G10/MAX($D10,cfg_oc_iq95_clip) | J10: =IF(AND(E10<cfg_oc_i_ratio_threshold,$C10=1),1,0) | K10: =IF(AND(F10<cfg_oc_i_ratio_threshold,$C10=1),1,0) | L10: =IF(AND(G10<cfg_oc_i_ratio_threshold,$C10=1),1,0) | M10: =IF(AND(H10<cfg_oc_i_ratio_threshold,$C10=1),1,0) | N10: =IF(AND(I10<cfg_oc_i_ratio_threshold,$C10=1),1,0) | O10: =IF(J10=1,O9+1,0) | P10: =IF(K10=1,P9+1,0) | Q10: =IF(L10=1,Q9+1,0) | R10: =IF(M10=1,R9+1,0) | S10: =IF(N10=1,S9+1,0)
A11: =Raw_Data_OC!A11 | B11: =Raw_Data_OC!B11 | C11: =IF(AND(B11>cfg_oc_poa_threshold_wm2,B11>cfg_oc_poa_floor_wm2),1,0) | D11: =PERCENTILE(Raw_Data_OC!C11:G11,0.95) | E11: =Raw_Data_OC!C11/MAX($D11,cfg_oc_iq95_clip) | F11: =Raw_Data_OC!D11/MAX($D11,cfg_oc_iq95_clip) | G11: =Raw_Data_OC!E11/MAX($D11,cfg_oc_iq95_clip) | H11: =Raw_Data_OC!F11/MAX($D11,cfg_oc_iq95_clip) | I11: =Raw_Data_OC!G11/MAX($D11,cfg_oc_iq95_clip) | J11: =IF(AND(E11<cfg_oc_i_ratio_threshold,$C11=1),1,0) | K11: =IF(AND(F11<cfg_oc_i_ratio_threshold,$C11=1),1,0) | L11: =IF(AND(G11<cfg_oc_i_ratio_threshold,$C11=1),1,0) | M11: =IF(AND(H11<cfg_oc_i_ratio_threshold,$C11=1),1,0) | N11: =IF(AND(I11<cfg_oc_i_ratio_threshold,$C11=1),1,0) | O11: =IF(J11=1,O10+1,0) | P11: =IF(K11=1,P10+1,0) | Q11: =IF(L11=1,Q10+1,0) | R11: =IF(M11=1,R10+1,0) | S11: =IF(N11=1,S10+1,0)
A12: =Raw_Data_OC!A12 | B12: =Raw_Data_OC!B12 | C12: =IF(AND(B12>cfg_oc_poa_threshold_wm2,B12>cfg_oc_poa_floor_wm2),1,0) | D12: =PERCENTILE(Raw_Data_OC!C12:G12,0.95) | E12: =Raw_Data_OC!C12/MAX($D12,cfg_oc_iq95_clip) | F12: =Raw_Data_OC!D12/MAX($D12,cfg_oc_iq95_clip) | G12: =Raw_Data_OC!E12/MAX($D12,cfg_oc_iq95_clip) | H12: =Raw_Data_OC!F12/MAX($D12,cfg_oc_iq95_clip) | I12: =Raw_Data_OC!G12/MAX($D12,cfg_oc_iq95_clip) | J12: =IF(AND(E12<cfg_oc_i_ratio_threshold,$C12=1),1,0) | K12: =IF(AND(F12<cfg_oc_i_ratio_threshold,$C12=1),1,0) | L12: =IF(AND(G12<cfg_oc_i_ratio_threshold,$C12=1),1,0) | M12: =IF(AND(H12<cfg_oc_i_ratio_threshold,$C12=1),1,0) | N12: =IF(AND(I12<cfg_oc_i_ratio_threshold,$C12=1),1,0) | O12: =IF(J12=1,O11+1,0) | P12: =IF(K12=1,P11+1,0) | Q12: =IF(L12=1,Q11+1,0) | R12: =IF(M12=1,R11+1,0) | S12: =IF(N12=1,S11+1,0)
A13: =Raw_Data_OC!A13 | B13: =Raw_Data_OC!B13 | C13: =IF(AND(B13>cfg_oc_poa_threshold_wm2,B13>cfg_oc_poa_floor_wm2),1,0) | D13: =PERCENTILE(Raw_Data_OC!C13:G13,0.95) | E13: =Raw_Data_OC!C13/MAX($D13,cfg_oc_iq95_clip) | F13: =Raw_Data_OC!D13/MAX($D13,cfg_oc_iq95_clip) | G13: =Raw_Data_OC!E13/MAX($D13,cfg_oc_iq95_clip) | H13: =Raw_Data_OC!F13/MAX($D13,cfg_oc_iq95_clip) | I13: =Raw_Data_OC!G13/MAX($D13,cfg_oc_iq95_clip) | J13: =IF(AND(E13<cfg_oc_i_ratio_threshold,$C13=1),1,0) | K13: =IF(AND(F13<cfg_oc_i_ratio_threshold,$C13=1),1,0) | L13: =IF(AND(G13<cfg_oc_i_ratio_threshold,$C13=1),1,0) | M13: =IF(AND(H13<cfg_oc_i_ratio_threshold,$C13=1),1,0) | N13: =IF(AND(I13<cfg_oc_i_ratio_threshold,$C13=1),1,0) | O13: =IF(J13=1,O12+1,0) | P13: =IF(K13=1,P12+1,0) | Q13: =IF(L13=1,Q12+1,0) | R13: =IF(M13=1,R12+1,0) | S13: =IF(N13=1,S12+1,0)
A14: =Raw_Data_OC!A14 | B14: =Raw_Data_OC!B14 | C14: =IF(AND(B14>cfg_oc_poa_threshold_wm2,B14>cfg_oc_poa_floor_wm2),1,0) | D14: =PERCENTILE(Raw_Data_OC!C14:G14,0.95) | E14: =Raw_Data_OC!C14/MAX($D14,cfg_oc_iq95_clip) | F14: =Raw_Data_OC!D14/MAX($D14,cfg_oc_iq95_clip) | G14: =Raw_Data_OC!E14/MAX($D14,cfg_oc_iq95_clip) | H14: =Raw_Data_OC!F14/MAX($D14,cfg_oc_iq95_clip) | I14: =Raw_Data_OC!G14/MAX($D14,cfg_oc_iq95_clip) | J14: =IF(AND(E14<cfg_oc_i_ratio_threshold,$C14=1),1,0) | K14: =IF(AND(F14<cfg_oc_i_ratio_threshold,$C14=1),1,0) | L14: =IF(AND(G14<cfg_oc_i_ratio_threshold,$C14=1),1,0) | M14: =IF(AND(H14<cfg_oc_i_ratio_threshold,$C14=1),1,0) | N14: =IF(AND(I14<cfg_oc_i_ratio_threshold,$C14=1),1,0) | O14: =IF(J14=1,O13+1,0) | P14: =IF(K14=1,P13+1,0) | Q14: =IF(L14=1,Q13+1,0) | R14: =IF(M14=1,R13+1,0) | S14: =IF(N14=1,S13+1,0)
A15: =Raw_Data_OC!A15 | B15: =Raw_Data_OC!B15 | C15: =IF(AND(B15>cfg_oc_poa_threshold_wm2,B15>cfg_oc_poa_floor_wm2),1,0) | D15: =PERCENTILE(Raw_Data_OC!C15:G15,0.95) | E15: =Raw_Data_OC!C15/MAX($D15,cfg_oc_iq95_clip) | F15: =Raw_Data_OC!D15/MAX($D15,cfg_oc_iq95_clip) | G15: =Raw_Data_OC!E15/MAX($D15,cfg_oc_iq95_clip) | H15: =Raw_Data_OC!F15/MAX($D15,cfg_oc_iq95_clip) | I15: =Raw_Data_OC!G15/MAX($D15,cfg_oc_iq95_clip) | J15: =IF(AND(E15<cfg_oc_i_ratio_threshold,$C15=1),1,0) | K15: =IF(AND(F15<cfg_oc_i_ratio_threshold,$C15=1),1,0) | L15: =IF(AND(G15<cfg_oc_i_ratio_threshold,$C15=1),1,0) | M15: =IF(AND(H15<cfg_oc_i_ratio_threshold,$C15=1),1,0) | N15: =IF(AND(I15<cfg_oc_i_ratio_threshold,$C15=1),1,0) | O15: =IF(J15=1,O14+1,0) | P15: =IF(K15=1,P14+1,0) | Q15: =IF(L15=1,Q14+1,0) | R15: =IF(M15=1,R14+1,0) | S15: =IF(N15=1,S14+1,0)
A16: =Raw_Data_OC!A16 | B16: =Raw_Data_OC!B16 | C16: =IF(AND(B16>cfg_oc_poa_threshold_wm2,B16>cfg_oc_poa_floor_wm2),1,0) | D16: =PERCENTILE(Raw_Data_OC!C16:G16,0.95) | E16: =Raw_Data_OC!C16/MAX($D16,cfg_oc_iq95_clip) | F16: =Raw_Data_OC!D16/MAX($D16,cfg_oc_iq95_clip) | G16: =Raw_Data_OC!E16/MAX($D16,cfg_oc_iq95_clip) | H16: =Raw_Data_OC!F16/MAX($D16,cfg_oc_iq95_clip) | I16: =Raw_Data_OC!G16/MAX($D16,cfg_oc_iq95_clip) | J16: =IF(AND(E16<cfg_oc_i_ratio_threshold,$C16=1),1,0) | K16: =IF(AND(F16<cfg_oc_i_ratio_threshold,$C16=1),1,0) | L16: =IF(AND(G16<cfg_oc_i_ratio_threshold,$C16=1),1,0) | M16: =IF(AND(H16<cfg_oc_i_ratio_threshold,$C16=1),1,0) | N16: =IF(AND(I16<cfg_oc_i_ratio_threshold,$C16=1),1,0) | O16: =IF(J16=1,O15+1,0) | P16: =IF(K16=1,P15+1,0) | Q16: =IF(L16=1,Q15+1,0) | R16: =IF(M16=1,R15+1,0) | S16: =IF(N16=1,S15+1,0)
A17: =Raw_Data_OC!A17 | B17: =Raw_Data_OC!B17 | C17: =IF(AND(B17>cfg_oc_poa_threshold_wm2,B17>cfg_oc_poa_floor_wm2),1,0) | D17: =PERCENTILE(Raw_Data_OC!C17:G17,0.95) | E17: =Raw_Data_OC!C17/MAX($D17,cfg_oc_iq95_clip) | F17: =Raw_Data_OC!D17/MAX($D17,cfg_oc_iq95_clip) | G17: =Raw_Data_OC!E17/MAX($D17,cfg_oc_iq95_clip) | H17: =Raw_Data_OC!F17/MAX($D17,cfg_oc_iq95_clip) | I17: =Raw_Data_OC!G17/MAX($D17,cfg_oc_iq95_clip) | J17: =IF(AND(E17<cfg_oc_i_ratio_threshold,$C17=1),1,0) | K17: =IF(AND(F17<cfg_oc_i_ratio_threshold,$C17=1),1,0) | L17: =IF(AND(G17<cfg_oc_i_ratio_threshold,$C17=1),1,0) | M17: =IF(AND(H17<cfg_oc_i_ratio_threshold,$C17=1),1,0) | N17: =IF(AND(I17<cfg_oc_i_ratio_threshold,$C17=1),1,0) | O17: =IF(J17=1,O16+1,0) | P17: =IF(K17=1,P16+1,0) | Q17: =IF(L17=1,Q16+1,0) | R17: =IF(M17=1,R16+1,0) | S17: =IF(N17=1,S16+1,0)
... A30: =Raw_Data_OC!A30 | B30: =Raw_Data_OC!B30 | C30: =IF(AND(B30>cfg_oc_poa_threshold_wm2,B30>cfg_oc_poa_floor_wm2),1,0) | D30: =PERCENTILE(Raw_Data_OC!C30:G30,0.95) | E30: =Raw_Data_OC!C30/MAX($D30,cfg_oc_iq95_clip) | F30: =Raw_Data_OC!D30/MAX($D30,cfg_oc_iq95_clip) | G30: =Raw_Data_OC!E30/MAX($D30,cfg_oc_iq95_clip) | H30: =Raw_Data_OC!F30/MAX($D30,cfg_oc_iq95_clip) | I30: =Raw_Data_OC!G30/MAX($D30,cfg_oc_iq95_clip) | J30: =IF(AND(E30<cfg_oc_i_ratio_threshold,$C30=1),1,0) | K30: =IF(AND(F30<cfg_oc_i_ratio_threshold,$C30=1),1,0) | L30: =IF(AND(G30<cfg_oc_i_ratio_threshold,$C30=1),1,0) | M30: =IF(AND(H30<cfg_oc_i_ratio_threshold,$C30=1),1,0) | N30: =IF(AND(I30<cfg_oc_i_ratio_threshold,$C30=1),1,0) | O30: =IF(J30=1,O29+1,0) | P30: =IF(K30=1,P29+1,0) | Q30: =IF(L30=1,Q29+1,0) | R30: =IF(M30=1,R29+1,0) | S30: =IF(N30=1,S29+1,0)

Sheet M2b_OpenCircuit
A1: M2b_OpenCircuit — keputusan per-PV (open_circuit.py run())
A2: emit = (MAX consec ≥ debounce) DAN bukan EMPTY. ratio_median/I_median = MEDIAN over baris daylight (rows 5..28, blok kontigu).
A3: PV3 sustained → run=24 ≥ 20 → CRITICAL conf 95%. PV4 glitch run=3 < 20 → suppressed. PV5 EMPTY → skip (q95 ikut 0-nya, harmless).
A4: PV | B4: I_median (daylight) | C4: I_q95_median (daylight) | D4: ratio_median (daylight) | E4: MAX consec | F4: empty_by_design | G4: emit | H4: status | I4: severity | J4: confidence | K4: message
A5: PV1 | B5: =MEDIAN(Raw_Data_OC!C5:C28) | C5: =MEDIAN(Helpers_OC!D5:D28) | D5: =MEDIAN(Helpers_OC!E5:E28) | E5: =MAX(Helpers_OC!O5:O30) | F5: 0 | G5: =IF(AND(E5>=cfg_oc_debounce_steps,F5=0),1,0) | H5: =IF(F5=1,"EMPTY",IF(G5=1,"open_circuit","NORMAL")) | I5: =IF(G5=1,"CRITICAL","") | J5: =IF(G5=1,cfg_oc_confidence_pct,"") | K5: =IF(G5=1,"Open-circuit suspect "&A5&": I/I_q95 median="&TEXT(D5,"0.000")&" (run "&E5&" >= debounce "&cfg_oc_debounce_steps&")",IF(F5=1,"EMPTY slot — skip per EmptyPVMap",""))
A6: PV2 | B6: =MEDIAN(Raw_Data_OC!D5:D28) | C6: =MEDIAN(Helpers_OC!D5:D28) | D6: =MEDIAN(Helpers_OC!F5:F28) | E6: =MAX(Helpers_OC!P5:P30) | F6: 0 | G6: =IF(AND(E6>=cfg_oc_debounce_steps,F6=0),1,0) | H6: =IF(F6=1,"EMPTY",IF(G6=1,"open_circuit","NORMAL")) | I6: =IF(G6=1,"CRITICAL","") | J6: =IF(G6=1,cfg_oc_confidence_pct,"") | K6: =IF(G6=1,"Open-circuit suspect "&A6&": I/I_q95 median="&TEXT(D6,"0.000")&" (run "&E6&" >= debounce "&cfg_oc_debounce_steps&")",IF(F6=1,"EMPTY slot — skip per EmptyPVMap",""))
A7: PV3 | B7: =MEDIAN(Raw_Data_OC!E5:E28) | C7: =MEDIAN(Helpers_OC!D5:D28) | D7: =MEDIAN(Helpers_OC!G5:G28) | E7: =MAX(Helpers_OC!Q5:Q30) | F7: 0 | G7: =IF(AND(E7>=cfg_oc_debounce_steps,F7=0),1,0) | H7: =IF(F7=1,"EMPTY",IF(G7=1,"open_circuit","NORMAL")) | I7: =IF(G7=1,"CRITICAL","") | J7: =IF(G7=1,cfg_oc_confidence_pct,"") | K7: =IF(G7=1,"Open-circuit suspect "&A7&": I/I_q95 median="&TEXT(D7,"0.000")&" (run "&E7&" >= debounce "&cfg_oc_debounce_steps&")",IF(F7=1,"EMPTY slot — skip per EmptyPVMap",""))
A8: PV4 | B8: =MEDIAN(Raw_Data_OC!F5:F28) | C8: =MEDIAN(Helpers_OC!D5:D28) | D8: =MEDIAN(Helpers_OC!H5:H28) | E8: =MAX(Helpers_OC!R5:R30) | F8: 0 | G8: =IF(AND(E8>=cfg_oc_debounce_steps,F8=0),1,0) | H8: =IF(F8=1,"EMPTY",IF(G8=1,"open_circuit","NORMAL")) | I8: =IF(G8=1,"CRITICAL","") | J8: =IF(G8=1,cfg_oc_confidence_pct,"") | K8: =IF(G8=1,"Open-circuit suspect "&A8&": I/I_q95 median="&TEXT(D8,"0.000")&" (run "&E8&" >= debounce "&cfg_oc_debounce_steps&")",IF(F8=1,"EMPTY slot — skip per EmptyPVMap",""))
A9: PV5 | B9: =MEDIAN(Raw_Data_OC!G5:G28) | C9: =MEDIAN(Helpers_OC!D5:D28) | D9: =MEDIAN(Helpers_OC!I5:I28) | E9: =MAX(Helpers_OC!S5:S30) | F9: 1 | G9: =IF(AND(E9>=cfg_oc_debounce_steps,F9=0),1,0) | H9: =IF(F9=1,"EMPTY",IF(G9=1,"open_circuit","NORMAL")) | I9: =IF(G9=1,"CRITICAL","") | J9: =IF(G9=1,cfg_oc_confidence_pct,"") | K9: =IF(G9=1,"Open-circuit suspect "&A9&": I/I_q95 median="&TEXT(D9,"0.000")&" (run "&E9&" >= debounce "&cfg_oc_debounce_steps&")",IF(F9=1,"EMPTY slot — skip per EmptyPVMap",""))

Sheet M2b_OC_StringStatus
A1: M2b_OC_StringStatus — replika artifact StringStatus (open_circuit.py)
A2: Mirror self.artifacts['StringStatus']: per-PV status + median stats + debounce counts. EMPTY rows dari top-up EmptyPVMap.
A4: poa_source | B4: inverter_id | C4: wb_id | D4: pv_string | E4: status | F4: i_string_median_daylight | G4: i_q95_median_daylight | H4: ratio_median_daylight | I4: n_qualifying_steps | J4: n_debounced_events | K4: emitted_finding | L4: daylight_samples
A5: dummy_single | B5: WB05-INV05 | C5: WB05 | D5: PV1 | E5: =M2b_OpenCircuit!H5 | F5: =M2b_OpenCircuit!B5 | G5: =M2b_OpenCircuit!C5 | H5: =M2b_OpenCircuit!D5 | I5: =SUM(Helpers_OC!J5:J30) | J5: =M2b_OpenCircuit!G5 | K5: =IF(M2b_OpenCircuit!G5=1,TRUE,FALSE) | L5: =SUM(Helpers_OC!$C$5:$C$30)
A6: dummy_single | B6: WB05-INV05 | C6: WB05 | D6: PV2 | E6: =M2b_OpenCircuit!H6 | F6: =M2b_OpenCircuit!B6 | G6: =M2b_OpenCircuit!C6 | H6: =M2b_OpenCircuit!D6 | I6: =SUM(Helpers_OC!K5:K30) | J6: =M2b_OpenCircuit!G6 | K6: =IF(M2b_OpenCircuit!G6=1,TRUE,FALSE) | L6: =SUM(Helpers_OC!$C$5:$C$30)
A7: dummy_single | B7: WB05-INV05 | C7: WB05 | D7: PV3 | E7: =M2b_OpenCircuit!H7 | F7: =M2b_OpenCircuit!B7 | G7: =M2b_OpenCircuit!C7 | H7: =M2b_OpenCircuit!D7 | I7: =SUM(Helpers_OC!L5:L30) | J7: =M2b_OpenCircuit!G7 | K7: =IF(M2b_OpenCircuit!G7=1,TRUE,FALSE) | L7: =SUM(Helpers_OC!$C$5:$C$30)
A8: dummy_single | B8: WB05-INV05 | C8: WB05 | D8: PV4 | E8: =M2b_OpenCircuit!H8 | F8: =M2b_OpenCircuit!B8 | G8: =M2b_OpenCircuit!C8 | H8: =M2b_OpenCircuit!D8 | I8: =SUM(Helpers_OC!M5:M30) | J8: =M2b_OpenCircuit!G8 | K8: =IF(M2b_OpenCircuit!G8=1,TRUE,FALSE) | L8: =SUM(Helpers_OC!$C$5:$C$30)
A9: dummy_single | B9: WB05-INV05 | C9: WB05 | D9: PV5 | E9: =M2b_OpenCircuit!H9 | F9: =M2b_OpenCircuit!B9 | G9: =M2b_OpenCircuit!C9 | H9: =M2b_OpenCircuit!D9 | I9: =SUM(Helpers_OC!N5:N30) | J9: =M2b_OpenCircuit!G9 | K9: =IF(M2b_OpenCircuit!G9=1,TRUE,FALSE) | L9: =SUM(Helpers_OC!$C$5:$C$30)

Sheet Raw_Data_GF
A1: Raw_Data_GF — V/I per PV string + V_to_ground (4 inverter WB05)
A2: INV01 NORMAL · INV02 V_to_ground tinggi (abs+adaptive) · INV03 PV3 ground-fault (spec: Voc↓ + I↑) · INV04 V_gnd tinggi + PV3 spec.
A3: Tiap inverter: 3 baris dawn (06:00-06:10, I≈0 → Voc estimate) + 6 baris noon (12:00-12:25, POA=900 daylight). Empty slot PV5 (INV01/02) = 0.
A4: Start Time | B4: Inverter_ID | C4: POA (W/m²) | D4: V_to_ground (V) | E4: PV1 input voltage(V) | F4: PV2 input voltage(V) | G4: PV3 input voltage(V) | H4: PV4 input voltage(V) | I4: PV5 input voltage(V) | J4: PV6 input voltage(V) | K4: PV1 input current(A) | L4: PV2 input current(A) | M4: PV3 input current(A) | N4: PV4 input current(A) | O4: PV5 input current(A) | P4: PV6 input current(A)
A5: 46156.25 | B5: WB05-INV01 | C5: 100 | D5: 2 | E5: 1430 | F5: 1430 | G5: 1430 | H5: 1430 | I5: 0 | J5: 1430 | K5: 0.2 | L5: 0.2 | M5: 0.2 | N5: 0.2 | O5: 0 | P5: 0.2
A6: 46156.253 | B6: WB05-INV01 | C6: 100 | D6: 2 | E6: 1430 | F6: 1430 | G6: 1430 | H6: 1430 | I6: 0 | J6: 1430 | K6: 0.2 | L6: 0.2 | M6: 0.2 | N6: 0.2 | O6: 0 | P6: 0.2
A7: 46156.257 | B7: WB05-INV01 | C7: 100 | D7: 2 | E7: 1430 | F7: 1430 | G7: 1430 | H7: 1430 | I7: 0 | J7: 1430 | K7: 0.2 | L7: 0.2 | M7: 0.2 | N7: 0.2 | O7: 0 | P7: 0.2
A8: 46156.5 | B8: WB05-INV01 | C8: 900 | D8: 2 | E8: 1180 | F8: 1180 | G8: 1180 | H8: 1180 | I8: 0 | J8: 1180 | K8: 13.1 | L8: 13.1 | M8: 13.1 | N8: 13.1 | O8: 0 | P8: 13.1
A9: 46156.503 | B9: WB05-INV01 | C9: 900 | D9: 2 | E9: 1180 | F9: 1180 | G9: 1180 | H9: 1180 | I9: 0 | J9: 1180 | K9: 12.9 | L9: 12.9 | M9: 12.9 | N9: 12.9 | O9: 0 | P9: 12.9
A10: 46156.507 | B10: WB05-INV01 | C10: 900 | D10: 2 | E10: 1180 | F10: 1180 | G10: 1180 | H10: 1180 | I10: 0 | J10: 1180 | K10: 13.1 | L10: 13.1 | M10: 13.1 | N10: 13.1 | O10: 0 | P10: 13.1
A11: 46156.51 | B11: WB05-INV01 | C11: 900 | D11: 2 | E11: 1180 | F11: 1180 | G11: 1180 | H11: 1180 | I11: 0 | J11: 1180 | K11: 12.9 | L11: 12.9 | M11: 12.9 | N11: 12.9 | O11: 0 | P11: 12.9
A12: 46156.514 | B12: WB05-INV01 | C12: 900 | D12: 2 | E12: 1180 | F12: 1180 | G12: 1180 | H12: 1180 | I12: 0 | J12: 1180 | K12: 13.1 | L12: 13.1 | M12: 13.1 | N12: 13.1 | O12: 0 | P12: 13.1
A13: 46156.517 | B13: WB05-INV01 | C13: 900 | D13: 2 | E13: 1180 | F13: 1180 | G13: 1180 | H13: 1180 | I13: 0 | J13: 1180 | K13: 12.9 | L13: 12.9 | M13: 12.9 | N13: 12.9 | O13: 0 | P13: 12.9
A14: 46156.25 | B14: WB05-INV02 | C14: 100 | D14: -80 | E14: 1430 | F14: 1430 | G14: 1430 | H14: 1430 | I14: 0 | J14: 1430 | K14: 0.2 | L14: 0.2 | M14: 0.2 | N14: 0.2 | O14: 0 | P14: 0.2
A15: 46156.253 | B15: WB05-INV02 | C15: 100 | D15: -80 | E15: 1430 | F15: 1430 | G15: 1430 | H15: 1430 | I15: 0 | J15: 1430 | K15: 0.2 | L15: 0.2 | M15: 0.2 | N15: 0.2 | O15: 0 | P15: 0.2
A16: 46156.257 | B16: WB05-INV02 | C16: 100 | D16: -80 | E16: 1430 | F16: 1430 | G16: 1430 | H16: 1430 | I16: 0 | J16: 1430 | K16: 0.2 | L16: 0.2 | M16: 0.2 | N16: 0.2 | O16: 0 | P16: 0.2
... A40: 46156.517 | B40: WB05-INV04 | C40: 900 | D40: -90 | E40: 1180 | F40: 1180 | G40: 1100 | H40: 1180 | I40: 1180 | J40: 1180 | K40: 12.9 | L40: 12.9 | M40: 14.1 | N40: 12.9 | O40: 12.9 | P40: 12.9

Sheet Helpers_GF
A1: Helpers_GF — jembatan ground_fault.py (per-row)
A2: daylight = (POA>thr & POA>floor). voc_cand = IF(|I|<0.5 & V>10, V, '') → Voc estimator (median nanti). peer_med_I PVk = MEDIAN arus 5 string LAIN (per baris). abs_Vgnd = |V_to_ground|.
A3: Production AND solar_elev>5° & inverter-shutdown (ephemeris, tak direplika statis); di sini daylight = baris noon.
A4: Inverter_ID | B4: Start Time | C4: POA | D4: daylight | E4: V_gnd | F4: voc_cand PV1 | G4: voc_cand PV2 | H4: voc_cand PV3 | I4: voc_cand PV4 | J4: voc_cand PV5 | K4: voc_cand PV6 | L4: peer_med_I PV1 | M4: peer_med_I PV2 | N4: peer_med_I PV3 | O4: peer_med_I PV4 | P4: peer_med_I PV5 | Q4: peer_med_I PV6 | R4: abs_Vgnd
A5: =Raw_Data_GF!B5 | B5: =Raw_Data_GF!A5 | C5: =Raw_Data_GF!C5 | D5: =IF(AND(C5>cfg_gf_poa_threshold_wm2,C5>cfg_gf_poa_floor_wm2),1,0) | E5: =Raw_Data_GF!D5 | F5: =IF(AND(ABS(Raw_Data_GF!K5)<cfg_i_threshold_a,Raw_Data_GF!E5>cfg_min_voc_v),Raw_Data_GF!E5,"") | G5: =IF(AND(ABS(Raw_Data_GF!L5)<cfg_i_threshold_a,Raw_Data_GF!F5>cfg_min_voc_v),Raw_Data_GF!F5,"") | H5: =IF(AND(ABS(Raw_Data_GF!M5)<cfg_i_threshold_a,Raw_Data_GF!G5>cfg_min_voc_v),Raw_Data_GF!G5,"") | I5: =IF(AND(ABS(Raw_Data_GF!N5)<cfg_i_threshold_a,Raw_Data_GF!H5>cfg_min_voc_v),Raw_Data_GF!H5,"") | J5: =IF(AND(ABS(Raw_Data_GF!O5)<cfg_i_threshold_a,Raw_Data_GF!I5>cfg_min_voc_v),Raw_Data_GF!I5,"") | K5: =IF(AND(ABS(Raw_Data_GF!P5)<cfg_i_threshold_a,Raw_Data_GF!J5>cfg_min_voc_v),Raw_Data_GF!J5,"") | L5: =MEDIAN(Raw_Data_GF!L5,Raw_Data_GF!M5,Raw_Data_GF!N5,Raw_Data_GF!O5,Raw_Data_GF!P5) | M5: =MEDIAN(Raw_Data_GF!K5,Raw_Data_GF!M5,Raw_Data_GF!N5,Raw_Data_GF!O5,Raw_Data_GF!P5) | N5: =MEDIAN(Raw_Data_GF!K5,Raw_Data_GF!L5,Raw_Data_GF!N5,Raw_Data_GF!O5,Raw_Data_GF!P5) | O5: =MEDIAN(Raw_Data_GF!K5,Raw_Data_GF!L5,Raw_Data_GF!M5,Raw_Data_GF!O5,Raw_Data_GF!P5) | P5: =MEDIAN(Raw_Data_GF!K5,Raw_Data_GF!L5,Raw_Data_GF!M5,Raw_Data_GF!N5,Raw_Data_GF!P5) | Q5: =MEDIAN(Raw_Data_GF!K5,Raw_Data_GF!L5,Raw_Data_GF!M5,Raw_Data_GF!N5,Raw_Data_GF!O5) | R5: =ABS(E5)
A6: =Raw_Data_GF!B6 | B6: =Raw_Data_GF!A6 | C6: =Raw_Data_GF!C6 | D6: =IF(AND(C6>cfg_gf_poa_threshold_wm2,C6>cfg_gf_poa_floor_wm2),1,0) | E6: =Raw_Data_GF!D6 | F6: =IF(AND(ABS(Raw_Data_GF!K6)<cfg_i_threshold_a,Raw_Data_GF!E6>cfg_min_voc_v),Raw_Data_GF!E6,"") | G6: =IF(AND(ABS(Raw_Data_GF!L6)<cfg_i_threshold_a,Raw_Data_GF!F6>cfg_min_voc_v),Raw_Data_GF!F6,"") | H6: =IF(AND(ABS(Raw_Data_GF!M6)<cfg_i_threshold_a,Raw_Data_GF!G6>cfg_min_voc_v),Raw_Data_GF!G6,"") | I6: =IF(AND(ABS(Raw_Data_GF!N6)<cfg_i_threshold_a,Raw_Data_GF!H6>cfg_min_voc_v),Raw_Data_GF!H6,"") | J6: =IF(AND(ABS(Raw_Data_GF!O6)<cfg_i_threshold_a,Raw_Data_GF!I6>cfg_min_voc_v),Raw_Data_GF!I6,"") | K6: =IF(AND(ABS(Raw_Data_GF!P6)<cfg_i_threshold_a,Raw_Data_GF!J6>cfg_min_voc_v),Raw_Data_GF!J6,"") | L6: =MEDIAN(Raw_Data_GF!L6,Raw_Data_GF!M6,Raw_Data_GF!N6,Raw_Data_GF!O6,Raw_Data_GF!P6) | M6: =MEDIAN(Raw_Data_GF!K6,Raw_Data_GF!M6,Raw_Data_GF!N6,Raw_Data_GF!O6,Raw_Data_GF!P6) | N6: =MEDIAN(Raw_Data_GF!K6,Raw_Data_GF!L6,Raw_Data_GF!N6,Raw_Data_GF!O6,Raw_Data_GF!P6) | O6: =MEDIAN(Raw_Data_GF!K6,Raw_Data_GF!L6,Raw_Data_GF!M6,Raw_Data_GF!O6,Raw_Data_GF!P6) | P6: =MEDIAN(Raw_Data_GF!K6,Raw_Data_GF!L6,Raw_Data_GF!M6,Raw_Data_GF!N6,Raw_Data_GF!P6) | Q6: =MEDIAN(Raw_Data_GF!K6,Raw_Data_GF!L6,Raw_Data_GF!M6,Raw_Data_GF!N6,Raw_Data_GF!O6) | R6: =ABS(E6)
A7: =Raw_Data_GF!B7 | B7: =Raw_Data_GF!A7 | C7: =Raw_Data_GF!C7 | D7: =IF(AND(C7>cfg_gf_poa_threshold_wm2,C7>cfg_gf_poa_floor_wm2),1,0) | E7: =Raw_Data_GF!D7 | F7: =IF(AND(ABS(Raw_Data_GF!K7)<cfg_i_threshold_a,Raw_Data_GF!E7>cfg_min_voc_v),Raw_Data_GF!E7,"") | G7: =IF(AND(ABS(Raw_Data_GF!L7)<cfg_i_threshold_a,Raw_Data_GF!F7>cfg_min_voc_v),Raw_Data_GF!F7,"") | H7: =IF(AND(ABS(Raw_Data_GF!M7)<cfg_i_threshold_a,Raw_Data_GF!G7>cfg_min_voc_v),Raw_Data_GF!G7,"") | I7: =IF(AND(ABS(Raw_Data_GF!N7)<cfg_i_threshold_a,Raw_Data_GF!H7>cfg_min_voc_v),Raw_Data_GF!H7,"") | J7: =IF(AND(ABS(Raw_Data_GF!O7)<cfg_i_threshold_a,Raw_Data_GF!I7>cfg_min_voc_v),Raw_Data_GF!I7,"") | K7: =IF(AND(ABS(Raw_Data_GF!P7)<cfg_i_threshold_a,Raw_Data_GF!J7>cfg_min_voc_v),Raw_Data_GF!J7,"") | L7: =MEDIAN(Raw_Data_GF!L7,Raw_Data_GF!M7,Raw_Data_GF!N7,Raw_Data_GF!O7,Raw_Data_GF!P7) | M7: =MEDIAN(Raw_Data_GF!K7,Raw_Data_GF!M7,Raw_Data_GF!N7,Raw_Data_GF!O7,Raw_Data_GF!P7) | N7: =MEDIAN(Raw_Data_GF!K7,Raw_Data_GF!L7,Raw_Data_GF!N7,Raw_Data_GF!O7,Raw_Data_GF!P7) | O7: =MEDIAN(Raw_Data_GF!K7,Raw_Data_GF!L7,Raw_Data_GF!M7,Raw_Data_GF!O7,Raw_Data_GF!P7) | P7: =MEDIAN(Raw_Data_GF!K7,Raw_Data_GF!L7,Raw_Data_GF!M7,Raw_Data_GF!N7,Raw_Data_GF!P7) | Q7: =MEDIAN(Raw_Data_GF!K7,Raw_Data_GF!L7,Raw_Data_GF!M7,Raw_Data_GF!N7,Raw_Data_GF!O7) | R7: =ABS(E7)
A8: =Raw_Data_GF!B8 | B8: =Raw_Data_GF!A8 | C8: =Raw_Data_GF!C8 | D8: =IF(AND(C8>cfg_gf_poa_threshold_wm2,C8>cfg_gf_poa_floor_wm2),1,0) | E8: =Raw_Data_GF!D8 | F8: =IF(AND(ABS(Raw_Data_GF!K8)<cfg_i_threshold_a,Raw_Data_GF!E8>cfg_min_voc_v),Raw_Data_GF!E8,"") | G8: =IF(AND(ABS(Raw_Data_GF!L8)<cfg_i_threshold_a,Raw_Data_GF!F8>cfg_min_voc_v),Raw_Data_GF!F8,"") | H8: =IF(AND(ABS(Raw_Data_GF!M8)<cfg_i_threshold_a,Raw_Data_GF!G8>cfg_min_voc_v),Raw_Data_GF!G8,"") | I8: =IF(AND(ABS(Raw_Data_GF!N8)<cfg_i_threshold_a,Raw_Data_GF!H8>cfg_min_voc_v),Raw_Data_GF!H8,"") | J8: =IF(AND(ABS(Raw_Data_GF!O8)<cfg_i_threshold_a,Raw_Data_GF!I8>cfg_min_voc_v),Raw_Data_GF!I8,"") | K8: =IF(AND(ABS(Raw_Data_GF!P8)<cfg_i_threshold_a,Raw_Data_GF!J8>cfg_min_voc_v),Raw_Data_GF!J8,"") | L8: =MEDIAN(Raw_Data_GF!L8,Raw_Data_GF!M8,Raw_Data_GF!N8,Raw_Data_GF!O8,Raw_Data_GF!P8) | M8: =MEDIAN(Raw_Data_GF!K8,Raw_Data_GF!M8,Raw_Data_GF!N8,Raw_Data_GF!O8,Raw_Data_GF!P8) | N8: =MEDIAN(Raw_Data_GF!K8,Raw_Data_GF!L8,Raw_Data_GF!N8,Raw_Data_GF!O8,Raw_Data_GF!P8) | O8: =MEDIAN(Raw_Data_GF!K8,Raw_Data_GF!L8,Raw_Data_GF!M8,Raw_Data_GF!O8,Raw_Data_GF!P8) | P8: =MEDIAN(Raw_Data_GF!K8,Raw_Data_GF!L8,Raw_Data_GF!M8,Raw_Data_GF!N8,Raw_Data_GF!P8) | Q8: =MEDIAN(Raw_Data_GF!K8,Raw_Data_GF!L8,Raw_Data_GF!M8,Raw_Data_GF!N8,Raw_Data_GF!O8) | R8: =ABS(E8)
A9: =Raw_Data_GF!B9 | B9: =Raw_Data_GF!A9 | C9: =Raw_Data_GF!C9 | D9: =IF(AND(C9>cfg_gf_poa_threshold_wm2,C9>cfg_gf_poa_floor_wm2),1,0) | E9: =Raw_Data_GF!D9 | F9: =IF(AND(ABS(Raw_Data_GF!K9)<cfg_i_threshold_a,Raw_Data_GF!E9>cfg_min_voc_v),Raw_Data_GF!E9,"") | G9: =IF(AND(ABS(Raw_Data_GF!L9)<cfg_i_threshold_a,Raw_Data_GF!F9>cfg_min_voc_v),Raw_Data_GF!F9,"") | H9: =IF(AND(ABS(Raw_Data_GF!M9)<cfg_i_threshold_a,Raw_Data_GF!G9>cfg_min_voc_v),Raw_Data_GF!G9,"") | I9: =IF(AND(ABS(Raw_Data_GF!N9)<cfg_i_threshold_a,Raw_Data_GF!H9>cfg_min_voc_v),Raw_Data_GF!H9,"") | J9: =IF(AND(ABS(Raw_Data_GF!O9)<cfg_i_threshold_a,Raw_Data_GF!I9>cfg_min_voc_v),Raw_Data_GF!I9,"") | K9: =IF(AND(ABS(Raw_Data_GF!P9)<cfg_i_threshold_a,Raw_Data_GF!J9>cfg_min_voc_v),Raw_Data_GF!J9,"") | L9: =MEDIAN(Raw_Data_GF!L9,Raw_Data_GF!M9,Raw_Data_GF!N9,Raw_Data_GF!O9,Raw_Data_GF!P9) | M9: =MEDIAN(Raw_Data_GF!K9,Raw_Data_GF!M9,Raw_Data_GF!N9,Raw_Data_GF!O9,Raw_Data_GF!P9) | N9: =MEDIAN(Raw_Data_GF!K9,Raw_Data_GF!L9,Raw_Data_GF!N9,Raw_Data_GF!O9,Raw_Data_GF!P9) | O9: =MEDIAN(Raw_Data_GF!K9,Raw_Data_GF!L9,Raw_Data_GF!M9,Raw_Data_GF!O9,Raw_Data_GF!P9) | P9: =MEDIAN(Raw_Data_GF!K9,Raw_Data_GF!L9,Raw_Data_GF!M9,Raw_Data_GF!N9,Raw_Data_GF!P9) | Q9: =MEDIAN(Raw_Data_GF!K9,Raw_Data_GF!L9,Raw_Data_GF!M9,Raw_Data_GF!N9,Raw_Data_GF!O9) | R9: =ABS(E9)
A10: =Raw_Data_GF!B10 | B10: =Raw_Data_GF!A10 | C10: =Raw_Data_GF!C10 | D10: =IF(AND(C10>cfg_gf_poa_threshold_wm2,C10>cfg_gf_poa_floor_wm2),1,0) | E10: =Raw_Data_GF!D10 | F10: =IF(AND(ABS(Raw_Data_GF!K10)<cfg_i_threshold_a,Raw_Data_GF!E10>cfg_min_voc_v),Raw_Data_GF!E10,"") | G10: =IF(AND(ABS(Raw_Data_GF!L10)<cfg_i_threshold_a,Raw_Data_GF!F10>cfg_min_voc_v),Raw_Data_GF!F10,"") | H10: =IF(AND(ABS(Raw_Data_GF!M10)<cfg_i_threshold_a,Raw_Data_GF!G10>cfg_min_voc_v),Raw_Data_GF!G10,"") | I10: =IF(AND(ABS(Raw_Data_GF!N10)<cfg_i_threshold_a,Raw_Data_GF!H10>cfg_min_voc_v),Raw_Data_GF!H10,"") | J10: =IF(AND(ABS(Raw_Data_GF!O10)<cfg_i_threshold_a,Raw_Data_GF!I10>cfg_min_voc_v),Raw_Data_GF!I10,"") | K10: =IF(AND(ABS(Raw_Data_GF!P10)<cfg_i_threshold_a,Raw_Data_GF!J10>cfg_min_voc_v),Raw_Data_GF!J10,"") | L10: =MEDIAN(Raw_Data_GF!L10,Raw_Data_GF!M10,Raw_Data_GF!N10,Raw_Data_GF!O10,Raw_Data_GF!P10) | M10: =MEDIAN(Raw_Data_GF!K10,Raw_Data_GF!M10,Raw_Data_GF!N10,Raw_Data_GF!O10,Raw_Data_GF!P10) | N10: =MEDIAN(Raw_Data_GF!K10,Raw_Data_GF!L10,Raw_Data_GF!N10,Raw_Data_GF!O10,Raw_Data_GF!P10) | O10: =MEDIAN(Raw_Data_GF!K10,Raw_Data_GF!L10,Raw_Data_GF!M10,Raw_Data_GF!O10,Raw_Data_GF!P10) | P10: =MEDIAN(Raw_Data_GF!K10,Raw_Data_GF!L10,Raw_Data_GF!M10,Raw_Data_GF!N10,Raw_Data_GF!P10) | Q10: =MEDIAN(Raw_Data_GF!K10,Raw_Data_GF!L10,Raw_Data_GF!M10,Raw_Data_GF!N10,Raw_Data_GF!O10) | R10: =ABS(E10)
A11: =Raw_Data_GF!B11 | B11: =Raw_Data_GF!A11 | C11: =Raw_Data_GF!C11 | D11: =IF(AND(C11>cfg_gf_poa_threshold_wm2,C11>cfg_gf_poa_floor_wm2),1,0) | E11: =Raw_Data_GF!D11 | F11: =IF(AND(ABS(Raw_Data_GF!K11)<cfg_i_threshold_a,Raw_Data_GF!E11>cfg_min_voc_v),Raw_Data_GF!E11,"") | G11: =IF(AND(ABS(Raw_Data_GF!L11)<cfg_i_threshold_a,Raw_Data_GF!F11>cfg_min_voc_v),Raw_Data_GF!F11,"") | H11: =IF(AND(ABS(Raw_Data_GF!M11)<cfg_i_threshold_a,Raw_Data_GF!G11>cfg_min_voc_v),Raw_Data_GF!G11,"") | I11: =IF(AND(ABS(Raw_Data_GF!N11)<cfg_i_threshold_a,Raw_Data_GF!H11>cfg_min_voc_v),Raw_Data_GF!H11,"") | J11: =IF(AND(ABS(Raw_Data_GF!O11)<cfg_i_threshold_a,Raw_Data_GF!I11>cfg_min_voc_v),Raw_Data_GF!I11,"") | K11: =IF(AND(ABS(Raw_Data_GF!P11)<cfg_i_threshold_a,Raw_Data_GF!J11>cfg_min_voc_v),Raw_Data_GF!J11,"") | L11: =MEDIAN(Raw_Data_GF!L11,Raw_Data_GF!M11,Raw_Data_GF!N11,Raw_Data_GF!O11,Raw_Data_GF!P11) | M11: =MEDIAN(Raw_Data_GF!K11,Raw_Data_GF!M11,Raw_Data_GF!N11,Raw_Data_GF!O11,Raw_Data_GF!P11) | N11: =MEDIAN(Raw_Data_GF!K11,Raw_Data_GF!L11,Raw_Data_GF!N11,Raw_Data_GF!O11,Raw_Data_GF!P11) | O11: =MEDIAN(Raw_Data_GF!K11,Raw_Data_GF!L11,Raw_Data_GF!M11,Raw_Data_GF!O11,Raw_Data_GF!P11) | P11: =MEDIAN(Raw_Data_GF!K11,Raw_Data_GF!L11,Raw_Data_GF!M11,Raw_Data_GF!N11,Raw_Data_GF!P11) | Q11: =MEDIAN(Raw_Data_GF!K11,Raw_Data_GF!L11,Raw_Data_GF!M11,Raw_Data_GF!N11,Raw_Data_GF!O11) | R11: =ABS(E11)
A12: =Raw_Data_GF!B12 | B12: =Raw_Data_GF!A12 | C12: =Raw_Data_GF!C12 | D12: =IF(AND(C12>cfg_gf_poa_threshold_wm2,C12>cfg_gf_poa_floor_wm2),1,0) | E12: =Raw_Data_GF!D12 | F12: =IF(AND(ABS(Raw_Data_GF!K12)<cfg_i_threshold_a,Raw_Data_GF!E12>cfg_min_voc_v),Raw_Data_GF!E12,"") | G12: =IF(AND(ABS(Raw_Data_GF!L12)<cfg_i_threshold_a,Raw_Data_GF!F12>cfg_min_voc_v),Raw_Data_GF!F12,"") | H12: =IF(AND(ABS(Raw_Data_GF!M12)<cfg_i_threshold_a,Raw_Data_GF!G12>cfg_min_voc_v),Raw_Data_GF!G12,"") | I12: =IF(AND(ABS(Raw_Data_GF!N12)<cfg_i_threshold_a,Raw_Data_GF!H12>cfg_min_voc_v),Raw_Data_GF!H12,"") | J12: =IF(AND(ABS(Raw_Data_GF!O12)<cfg_i_threshold_a,Raw_Data_GF!I12>cfg_min_voc_v),Raw_Data_GF!I12,"") | K12: =IF(AND(ABS(Raw_Data_GF!P12)<cfg_i_threshold_a,Raw_Data_GF!J12>cfg_min_voc_v),Raw_Data_GF!J12,"") | L12: =MEDIAN(Raw_Data_GF!L12,Raw_Data_GF!M12,Raw_Data_GF!N12,Raw_Data_GF!O12,Raw_Data_GF!P12) | M12: =MEDIAN(Raw_Data_GF!K12,Raw_Data_GF!M12,Raw_Data_GF!N12,Raw_Data_GF!O12,Raw_Data_GF!P12) | N12: =MEDIAN(Raw_Data_GF!K12,Raw_Data_GF!L12,Raw_Data_GF!N12,Raw_Data_GF!O12,Raw_Data_GF!P12) | O12: =MEDIAN(Raw_Data_GF!K12,Raw_Data_GF!L12,Raw_Data_GF!M12,Raw_Data_GF!O12,Raw_Data_GF!P12) | P12: =MEDIAN(Raw_Data_GF!K12,Raw_Data_GF!L12,Raw_Data_GF!M12,Raw_Data_GF!N12,Raw_Data_GF!P12) | Q12: =MEDIAN(Raw_Data_GF!K12,Raw_Data_GF!L12,Raw_Data_GF!M12,Raw_Data_GF!N12,Raw_Data_GF!O12) | R12: =ABS(E12)
A13: =Raw_Data_GF!B13 | B13: =Raw_Data_GF!A13 | C13: =Raw_Data_GF!C13 | D13: =IF(AND(C13>cfg_gf_poa_threshold_wm2,C13>cfg_gf_poa_floor_wm2),1,0) | E13: =Raw_Data_GF!D13 | F13: =IF(AND(ABS(Raw_Data_GF!K13)<cfg_i_threshold_a,Raw_Data_GF!E13>cfg_min_voc_v),Raw_Data_GF!E13,"") | G13: =IF(AND(ABS(Raw_Data_GF!L13)<cfg_i_threshold_a,Raw_Data_GF!F13>cfg_min_voc_v),Raw_Data_GF!F13,"") | H13: =IF(AND(ABS(Raw_Data_GF!M13)<cfg_i_threshold_a,Raw_Data_GF!G13>cfg_min_voc_v),Raw_Data_GF!G13,"") | I13: =IF(AND(ABS(Raw_Data_GF!N13)<cfg_i_threshold_a,Raw_Data_GF!H13>cfg_min_voc_v),Raw_Data_GF!H13,"") | J13: =IF(AND(ABS(Raw_Data_GF!O13)<cfg_i_threshold_a,Raw_Data_GF!I13>cfg_min_voc_v),Raw_Data_GF!I13,"") | K13: =IF(AND(ABS(Raw_Data_GF!P13)<cfg_i_threshold_a,Raw_Data_GF!J13>cfg_min_voc_v),Raw_Data_GF!J13,"") | L13: =MEDIAN(Raw_Data_GF!L13,Raw_Data_GF!M13,Raw_Data_GF!N13,Raw_Data_GF!O13,Raw_Data_GF!P13) | M13: =MEDIAN(Raw_Data_GF!K13,Raw_Data_GF!M13,Raw_Data_GF!N13,Raw_Data_GF!O13,Raw_Data_GF!P13) | N13: =MEDIAN(Raw_Data_GF!K13,Raw_Data_GF!L13,Raw_Data_GF!N13,Raw_Data_GF!O13,Raw_Data_GF!P13) | O13: =MEDIAN(Raw_Data_GF!K13,Raw_Data_GF!L13,Raw_Data_GF!M13,Raw_Data_GF!O13,Raw_Data_GF!P13) | P13: =MEDIAN(Raw_Data_GF!K13,Raw_Data_GF!L13,Raw_Data_GF!M13,Raw_Data_GF!N13,Raw_Data_GF!P13) | Q13: =MEDIAN(Raw_Data_GF!K13,Raw_Data_GF!L13,Raw_Data_GF!M13,Raw_Data_GF!N13,Raw_Data_GF!O13) | R13: =ABS(E13)
A14: =Raw_Data_GF!B14 | B14: =Raw_Data_GF!A14 | C14: =Raw_Data_GF!C14 | D14: =IF(AND(C14>cfg_gf_poa_threshold_wm2,C14>cfg_gf_poa_floor_wm2),1,0) | E14: =Raw_Data_GF!D14 | F14: =IF(AND(ABS(Raw_Data_GF!K14)<cfg_i_threshold_a,Raw_Data_GF!E14>cfg_min_voc_v),Raw_Data_GF!E14,"") | G14: =IF(AND(ABS(Raw_Data_GF!L14)<cfg_i_threshold_a,Raw_Data_GF!F14>cfg_min_voc_v),Raw_Data_GF!F14,"") | H14: =IF(AND(ABS(Raw_Data_GF!M14)<cfg_i_threshold_a,Raw_Data_GF!G14>cfg_min_voc_v),Raw_Data_GF!G14,"") | I14: =IF(AND(ABS(Raw_Data_GF!N14)<cfg_i_threshold_a,Raw_Data_GF!H14>cfg_min_voc_v),Raw_Data_GF!H14,"") | J14: =IF(AND(ABS(Raw_Data_GF!O14)<cfg_i_threshold_a,Raw_Data_GF!I14>cfg_min_voc_v),Raw_Data_GF!I14,"") | K14: =IF(AND(ABS(Raw_Data_GF!P14)<cfg_i_threshold_a,Raw_Data_GF!J14>cfg_min_voc_v),Raw_Data_GF!J14,"") | L14: =MEDIAN(Raw_Data_GF!L14,Raw_Data_GF!M14,Raw_Data_GF!N14,Raw_Data_GF!O14,Raw_Data_GF!P14) | M14: =MEDIAN(Raw_Data_GF!K14,Raw_Data_GF!M14,Raw_Data_GF!N14,Raw_Data_GF!O14,Raw_Data_GF!P14) | N14: =MEDIAN(Raw_Data_GF!K14,Raw_Data_GF!L14,Raw_Data_GF!N14,Raw_Data_GF!O14,Raw_Data_GF!P14) | O14: =MEDIAN(Raw_Data_GF!K14,Raw_Data_GF!L14,Raw_Data_GF!M14,Raw_Data_GF!O14,Raw_Data_GF!P14) | P14: =MEDIAN(Raw_Data_GF!K14,Raw_Data_GF!L14,Raw_Data_GF!M14,Raw_Data_GF!N14,Raw_Data_GF!P14) | Q14: =MEDIAN(Raw_Data_GF!K14,Raw_Data_GF!L14,Raw_Data_GF!M14,Raw_Data_GF!N14,Raw_Data_GF!O14) | R14: =ABS(E14)
A15: =Raw_Data_GF!B15 | B15: =Raw_Data_GF!A15 | C15: =Raw_Data_GF!C15 | D15: =IF(AND(C15>cfg_gf_poa_threshold_wm2,C15>cfg_gf_poa_floor_wm2),1,0) | E15: =Raw_Data_GF!D15 | F15: =IF(AND(ABS(Raw_Data_GF!K15)<cfg_i_threshold_a,Raw_Data_GF!E15>cfg_min_voc_v),Raw_Data_GF!E15,"") | G15: =IF(AND(ABS(Raw_Data_GF!L15)<cfg_i_threshold_a,Raw_Data_GF!F15>cfg_min_voc_v),Raw_Data_GF!F15,"") | H15: =IF(AND(ABS(Raw_Data_GF!M15)<cfg_i_threshold_a,Raw_Data_GF!G15>cfg_min_voc_v),Raw_Data_GF!G15,"") | I15: =IF(AND(ABS(Raw_Data_GF!N15)<cfg_i_threshold_a,Raw_Data_GF!H15>cfg_min_voc_v),Raw_Data_GF!H15,"") | J15: =IF(AND(ABS(Raw_Data_GF!O15)<cfg_i_threshold_a,Raw_Data_GF!I15>cfg_min_voc_v),Raw_Data_GF!I15,"") | K15: =IF(AND(ABS(Raw_Data_GF!P15)<cfg_i_threshold_a,Raw_Data_GF!J15>cfg_min_voc_v),Raw_Data_GF!J15,"") | L15: =MEDIAN(Raw_Data_GF!L15,Raw_Data_GF!M15,Raw_Data_GF!N15,Raw_Data_GF!O15,Raw_Data_GF!P15) | M15: =MEDIAN(Raw_Data_GF!K15,Raw_Data_GF!M15,Raw_Data_GF!N15,Raw_Data_GF!O15,Raw_Data_GF!P15) | N15: =MEDIAN(Raw_Data_GF!K15,Raw_Data_GF!L15,Raw_Data_GF!N15,Raw_Data_GF!O15,Raw_Data_GF!P15) | O15: =MEDIAN(Raw_Data_GF!K15,Raw_Data_GF!L15,Raw_Data_GF!M15,Raw_Data_GF!O15,Raw_Data_GF!P15) | P15: =MEDIAN(Raw_Data_GF!K15,Raw_Data_GF!L15,Raw_Data_GF!M15,Raw_Data_GF!N15,Raw_Data_GF!P15) | Q15: =MEDIAN(Raw_Data_GF!K15,Raw_Data_GF!L15,Raw_Data_GF!M15,Raw_Data_GF!N15,Raw_Data_GF!O15) | R15: =ABS(E15)
A16: =Raw_Data_GF!B16 | B16: =Raw_Data_GF!A16 | C16: =Raw_Data_GF!C16 | D16: =IF(AND(C16>cfg_gf_poa_threshold_wm2,C16>cfg_gf_poa_floor_wm2),1,0) | E16: =Raw_Data_GF!D16 | F16: =IF(AND(ABS(Raw_Data_GF!K16)<cfg_i_threshold_a,Raw_Data_GF!E16>cfg_min_voc_v),Raw_Data_GF!E16,"") | G16: =IF(AND(ABS(Raw_Data_GF!L16)<cfg_i_threshold_a,Raw_Data_GF!F16>cfg_min_voc_v),Raw_Data_GF!F16,"") | H16: =IF(AND(ABS(Raw_Data_GF!M16)<cfg_i_threshold_a,Raw_Data_GF!G16>cfg_min_voc_v),Raw_Data_GF!G16,"") | I16: =IF(AND(ABS(Raw_Data_GF!N16)<cfg_i_threshold_a,Raw_Data_GF!H16>cfg_min_voc_v),Raw_Data_GF!H16,"") | J16: =IF(AND(ABS(Raw_Data_GF!O16)<cfg_i_threshold_a,Raw_Data_GF!I16>cfg_min_voc_v),Raw_Data_GF!I16,"") | K16: =IF(AND(ABS(Raw_Data_GF!P16)<cfg_i_threshold_a,Raw_Data_GF!J16>cfg_min_voc_v),Raw_Data_GF!J16,"") | L16: =MEDIAN(Raw_Data_GF!L16,Raw_Data_GF!M16,Raw_Data_GF!N16,Raw_Data_GF!O16,Raw_Data_GF!P16) | M16: =MEDIAN(Raw_Data_GF!K16,Raw_Data_GF!M16,Raw_Data_GF!N16,Raw_Data_GF!O16,Raw_Data_GF!P16) | N16: =MEDIAN(Raw_Data_GF!K16,Raw_Data_GF!L16,Raw_Data_GF!N16,Raw_Data_GF!O16,Raw_Data_GF!P16) | O16: =MEDIAN(Raw_Data_GF!K16,Raw_Data_GF!L16,Raw_Data_GF!M16,Raw_Data_GF!O16,Raw_Data_GF!P16) | P16: =MEDIAN(Raw_Data_GF!K16,Raw_Data_GF!L16,Raw_Data_GF!M16,Raw_Data_GF!N16,Raw_Data_GF!P16) | Q16: =MEDIAN(Raw_Data_GF!K16,Raw_Data_GF!L16,Raw_Data_GF!M16,Raw_Data_GF!N16,Raw_Data_GF!O16) | R16: =ABS(E16)
... A40: =Raw_Data_GF!B40 | B40: =Raw_Data_GF!A40 | C40: =Raw_Data_GF!C40 | D40: =IF(AND(C40>cfg_gf_poa_threshold_wm2,C40>cfg_gf_poa_floor_wm2),1,0) | E40: =Raw_Data_GF!D40 | F40: =IF(AND(ABS(Raw_Data_GF!K40)<cfg_i_threshold_a,Raw_Data_GF!E40>cfg_min_voc_v),Raw_Data_GF!E40,"") | G40: =IF(AND(ABS(Raw_Data_GF!L40)<cfg_i_threshold_a,Raw_Data_GF!F40>cfg_min_voc_v),Raw_Data_GF!F40,"") | H40: =IF(AND(ABS(Raw_Data_GF!M40)<cfg_i_threshold_a,Raw_Data_GF!G40>cfg_min_voc_v),Raw_Data_GF!G40,"") | I40: =IF(AND(ABS(Raw_Data_GF!N40)<cfg_i_threshold_a,Raw_Data_GF!H40>cfg_min_voc_v),Raw_Data_GF!H40,"") | J40: =IF(AND(ABS(Raw_Data_GF!O40)<cfg_i_threshold_a,Raw_Data_GF!I40>cfg_min_voc_v),Raw_Data_GF!I40,"") | K40: =IF(AND(ABS(Raw_Data_GF!P40)<cfg_i_threshold_a,Raw_Data_GF!J40>cfg_min_voc_v),Raw_Data_GF!J40,"") | L40: =MEDIAN(Raw_Data_GF!L40,Raw_Data_GF!M40,Raw_Data_GF!N40,Raw_Data_GF!O40,Raw_Data_GF!P40) | M40: =MEDIAN(Raw_Data_GF!K40,Raw_Data_GF!M40,Raw_Data_GF!N40,Raw_Data_GF!O40,Raw_Data_GF!P40) | N40: =MEDIAN(Raw_Data_GF!K40,Raw_Data_GF!L40,Raw_Data_GF!N40,Raw_Data_GF!O40,Raw_Data_GF!P40) | O40: =MEDIAN(Raw_Data_GF!K40,Raw_Data_GF!L40,Raw_Data_GF!M40,Raw_Data_GF!O40,Raw_Data_GF!P40) | P40: =MEDIAN(Raw_Data_GF!K40,Raw_Data_GF!L40,Raw_Data_GF!M40,Raw_Data_GF!N40,Raw_Data_GF!P40) | Q40: =MEDIAN(Raw_Data_GF!K40,Raw_Data_GF!L40,Raw_Data_GF!M40,Raw_Data_GF!N40,Raw_Data_GF!O40) | R40: =ABS(E40)

Sheet GF_StringMetrics
A1: GF_StringMetrics — per (inverter, PV string): Voc & peer-I z-score
A2: voc_actual = MEDIAN(voc_cand) (hanya baris dawn I<0.5 non-blank). voc_ratio = voc_actual / voc_string_26_calc (1430.61V @30°C). i_z = (I_median_daylight − peer_med) / peer_std. spec_flag = voc_ratio<0.85 AND i_z>2 (string bukan-empty).
A4: Inverter_ID | B4: PV | C4: is_empty | D4: voc_actual (V) | E4: voc_string_nominal (V) | F4: voc_ratio | G4: I_median_daylight | H4: peer_med_daylight | I4: peer_std_daylight | J4: i_z | K4: spec_flag
A5: WB05-INV01 | B5: PV1 | C5: 0 | D5: =IFERROR(MEDIAN(Helpers_GF!F5:F13),"") | E5: =voc_string_26_calc | F5: =IFERROR(D5/E5,"") | G5: =MEDIAN(Raw_Data_GF!K8:K13) | H5: =MEDIAN(Helpers_GF!L8:L13) | I5: =IF(STDEV(Helpers_GF!L8:L13)=0,0.01,STDEV(Helpers_GF!L8:L13)) | J5: =IFERROR((G5-H5)/I5,"") | K5: =IF(C5=1,0,IF(AND(F5<cfg_gf_voc_ratio_threshold,J5>cfg_gf_i_high_z_threshold),1,0))
A6: WB05-INV01 | B6: PV2 | C6: 0 | D6: =IFERROR(MEDIAN(Helpers_GF!G5:G13),"") | E6: =voc_string_26_calc | F6: =IFERROR(D6/E6,"") | G6: =MEDIAN(Raw_Data_GF!L8:L13) | H6: =MEDIAN(Helpers_GF!M8:M13) | I6: =IF(STDEV(Helpers_GF!M8:M13)=0,0.01,STDEV(Helpers_GF!M8:M13)) | J6: =IFERROR((G6-H6)/I6,"") | K6: =IF(C6=1,0,IF(AND(F6<cfg_gf_voc_ratio_threshold,J6>cfg_gf_i_high_z_threshold),1,0))
A7: WB05-INV01 | B7: PV3 | C7: 0 | D7: =IFERROR(MEDIAN(Helpers_GF!H5:H13),"") | E7: =voc_string_26_calc | F7: =IFERROR(D7/E7,"") | G7: =MEDIAN(Raw_Data_GF!M8:M13) | H7: =MEDIAN(Helpers_GF!N8:N13) | I7: =IF(STDEV(Helpers_GF!N8:N13)=0,0.01,STDEV(Helpers_GF!N8:N13)) | J7: =IFERROR((G7-H7)/I7,"") | K7: =IF(C7=1,0,IF(AND(F7<cfg_gf_voc_ratio_threshold,J7>cfg_gf_i_high_z_threshold),1,0))
A8: WB05-INV01 | B8: PV4 | C8: 0 | D8: =IFERROR(MEDIAN(Helpers_GF!I5:I13),"") | E8: =voc_string_26_calc | F8: =IFERROR(D8/E8,"") | G8: =MEDIAN(Raw_Data_GF!N8:N13) | H8: =MEDIAN(Helpers_GF!O8:O13) | I8: =IF(STDEV(Helpers_GF!O8:O13)=0,0.01,STDEV(Helpers_GF!O8:O13)) | J8: =IFERROR((G8-H8)/I8,"") | K8: =IF(C8=1,0,IF(AND(F8<cfg_gf_voc_ratio_threshold,J8>cfg_gf_i_high_z_threshold),1,0))
A9: WB05-INV01 | B9: PV5 | C9: 1 | D9: =IFERROR(MEDIAN(Helpers_GF!J5:J13),"") | E9: =voc_string_26_calc | F9: =IFERROR(D9/E9,"") | G9: =MEDIAN(Raw_Data_GF!O8:O13) | H9: =MEDIAN(Helpers_GF!P8:P13) | I9: =IF(STDEV(Helpers_GF!P8:P13)=0,0.01,STDEV(Helpers_GF!P8:P13)) | J9: =IFERROR((G9-H9)/I9,"") | K9: =IF(C9=1,0,IF(AND(F9<cfg_gf_voc_ratio_threshold,J9>cfg_gf_i_high_z_threshold),1,0))
A10: WB05-INV01 | B10: PV6 | C10: 0 | D10: =IFERROR(MEDIAN(Helpers_GF!K5:K13),"") | E10: =voc_string_26_calc | F10: =IFERROR(D10/E10,"") | G10: =MEDIAN(Raw_Data_GF!P8:P13) | H10: =MEDIAN(Helpers_GF!Q8:Q13) | I10: =IF(STDEV(Helpers_GF!Q8:Q13)=0,0.01,STDEV(Helpers_GF!Q8:Q13)) | J10: =IFERROR((G10-H10)/I10,"") | K10: =IF(C10=1,0,IF(AND(F10<cfg_gf_voc_ratio_threshold,J10>cfg_gf_i_high_z_threshold),1,0))
A11: WB05-INV02 | B11: PV1 | C11: 0 | D11: =IFERROR(MEDIAN(Helpers_GF!F14:F22),"") | E11: =voc_string_26_calc | F11: =IFERROR(D11/E11,"") | G11: =MEDIAN(Raw_Data_GF!K17:K22) | H11: =MEDIAN(Helpers_GF!L17:L22) | I11: =IF(STDEV(Helpers_GF!L17:L22)=0,0.01,STDEV(Helpers_GF!L17:L22)) | J11: =IFERROR((G11-H11)/I11,"") | K11: =IF(C11=1,0,IF(AND(F11<cfg_gf_voc_ratio_threshold,J11>cfg_gf_i_high_z_threshold),1,0))
A12: WB05-INV02 | B12: PV2 | C12: 0 | D12: =IFERROR(MEDIAN(Helpers_GF!G14:G22),"") | E12: =voc_string_26_calc | F12: =IFERROR(D12/E12,"") | G12: =MEDIAN(Raw_Data_GF!L17:L22) | H12: =MEDIAN(Helpers_GF!M17:M22) | I12: =IF(STDEV(Helpers_GF!M17:M22)=0,0.01,STDEV(Helpers_GF!M17:M22)) | J12: =IFERROR((G12-H12)/I12,"") | K12: =IF(C12=1,0,IF(AND(F12<cfg_gf_voc_ratio_threshold,J12>cfg_gf_i_high_z_threshold),1,0))
A13: WB05-INV02 | B13: PV3 | C13: 0 | D13: =IFERROR(MEDIAN(Helpers_GF!H14:H22),"") | E13: =voc_string_26_calc | F13: =IFERROR(D13/E13,"") | G13: =MEDIAN(Raw_Data_GF!M17:M22) | H13: =MEDIAN(Helpers_GF!N17:N22) | I13: =IF(STDEV(Helpers_GF!N17:N22)=0,0.01,STDEV(Helpers_GF!N17:N22)) | J13: =IFERROR((G13-H13)/I13,"") | K13: =IF(C13=1,0,IF(AND(F13<cfg_gf_voc_ratio_threshold,J13>cfg_gf_i_high_z_threshold),1,0))
A14: WB05-INV02 | B14: PV4 | C14: 0 | D14: =IFERROR(MEDIAN(Helpers_GF!I14:I22),"") | E14: =voc_string_26_calc | F14: =IFERROR(D14/E14,"") | G14: =MEDIAN(Raw_Data_GF!N17:N22) | H14: =MEDIAN(Helpers_GF!O17:O22) | I14: =IF(STDEV(Helpers_GF!O17:O22)=0,0.01,STDEV(Helpers_GF!O17:O22)) | J14: =IFERROR((G14-H14)/I14,"") | K14: =IF(C14=1,0,IF(AND(F14<cfg_gf_voc_ratio_threshold,J14>cfg_gf_i_high_z_threshold),1,0))
A15: WB05-INV02 | B15: PV5 | C15: 1 | D15: =IFERROR(MEDIAN(Helpers_GF!J14:J22),"") | E15: =voc_string_26_calc | F15: =IFERROR(D15/E15,"") | G15: =MEDIAN(Raw_Data_GF!O17:O22) | H15: =MEDIAN(Helpers_GF!P17:P22) | I15: =IF(STDEV(Helpers_GF!P17:P22)=0,0.01,STDEV(Helpers_GF!P17:P22)) | J15: =IFERROR((G15-H15)/I15,"") | K15: =IF(C15=1,0,IF(AND(F15<cfg_gf_voc_ratio_threshold,J15>cfg_gf_i_high_z_threshold),1,0))
A16: WB05-INV02 | B16: PV6 | C16: 0 | D16: =IFERROR(MEDIAN(Helpers_GF!K14:K22),"") | E16: =voc_string_26_calc | F16: =IFERROR(D16/E16,"") | G16: =MEDIAN(Raw_Data_GF!P17:P22) | H16: =MEDIAN(Helpers_GF!Q17:Q22) | I16: =IF(STDEV(Helpers_GF!Q17:Q22)=0,0.01,STDEV(Helpers_GF!Q17:Q22)) | J16: =IFERROR((G16-H16)/I16,"") | K16: =IF(C16=1,0,IF(AND(F16<cfg_gf_voc_ratio_threshold,J16>cfg_gf_i_high_z_threshold),1,0))
A17: WB05-INV03 | B17: PV1 | C17: 0 | D17: =IFERROR(MEDIAN(Helpers_GF!F23:F31),"") | E17: =voc_string_26_calc | F17: =IFERROR(D17/E17,"") | G17: =MEDIAN(Raw_Data_GF!K26:K31) | H17: =MEDIAN(Helpers_GF!L26:L31) | I17: =IF(STDEV(Helpers_GF!L26:L31)=0,0.01,STDEV(Helpers_GF!L26:L31)) | J17: =IFERROR((G17-H17)/I17,"") | K17: =IF(C17=1,0,IF(AND(F17<cfg_gf_voc_ratio_threshold,J17>cfg_gf_i_high_z_threshold),1,0))
A18: WB05-INV03 | B18: PV2 | C18: 0 | D18: =IFERROR(MEDIAN(Helpers_GF!G23:G31),"") | E18: =voc_string_26_calc | F18: =IFERROR(D18/E18,"") | G18: =MEDIAN(Raw_Data_GF!L26:L31) | H18: =MEDIAN(Helpers_GF!M26:M31) | I18: =IF(STDEV(Helpers_GF!M26:M31)=0,0.01,STDEV(Helpers_GF!M26:M31)) | J18: =IFERROR((G18-H18)/I18,"") | K18: =IF(C18=1,0,IF(AND(F18<cfg_gf_voc_ratio_threshold,J18>cfg_gf_i_high_z_threshold),1,0))
A19: WB05-INV03 | B19: PV3 | C19: 0 | D19: =IFERROR(MEDIAN(Helpers_GF!H23:H31),"") | E19: =voc_string_26_calc | F19: =IFERROR(D19/E19,"") | G19: =MEDIAN(Raw_Data_GF!M26:M31) | H19: =MEDIAN(Helpers_GF!N26:N31) | I19: =IF(STDEV(Helpers_GF!N26:N31)=0,0.01,STDEV(Helpers_GF!N26:N31)) | J19: =IFERROR((G19-H19)/I19,"") | K19: =IF(C19=1,0,IF(AND(F19<cfg_gf_voc_ratio_threshold,J19>cfg_gf_i_high_z_threshold),1,0))
A20: WB05-INV03 | B20: PV4 | C20: 0 | D20: =IFERROR(MEDIAN(Helpers_GF!I23:I31),"") | E20: =voc_string_26_calc | F20: =IFERROR(D20/E20,"") | G20: =MEDIAN(Raw_Data_GF!N26:N31) | H20: =MEDIAN(Helpers_GF!O26:O31) | I20: =IF(STDEV(Helpers_GF!O26:O31)=0,0.01,STDEV(Helpers_GF!O26:O31)) | J20: =IFERROR((G20-H20)/I20,"") | K20: =IF(C20=1,0,IF(AND(F20<cfg_gf_voc_ratio_threshold,J20>cfg_gf_i_high_z_threshold),1,0))
A21: WB05-INV03 | B21: PV5 | C21: 0 | D21: =IFERROR(MEDIAN(Helpers_GF!J23:J31),"") | E21: =voc_string_26_calc | F21: =IFERROR(D21/E21,"") | G21: =MEDIAN(Raw_Data_GF!O26:O31) | H21: =MEDIAN(Helpers_GF!P26:P31) | I21: =IF(STDEV(Helpers_GF!P26:P31)=0,0.01,STDEV(Helpers_GF!P26:P31)) | J21: =IFERROR((G21-H21)/I21,"") | K21: =IF(C21=1,0,IF(AND(F21<cfg_gf_voc_ratio_threshold,J21>cfg_gf_i_high_z_threshold),1,0))
A22: WB05-INV03 | B22: PV6 | C22: 0 | D22: =IFERROR(MEDIAN(Helpers_GF!K23:K31),"") | E22: =voc_string_26_calc | F22: =IFERROR(D22/E22,"") | G22: =MEDIAN(Raw_Data_GF!P26:P31) | H22: =MEDIAN(Helpers_GF!Q26:Q31) | I22: =IF(STDEV(Helpers_GF!Q26:Q31)=0,0.01,STDEV(Helpers_GF!Q26:Q31)) | J22: =IFERROR((G22-H22)/I22,"") | K22: =IF(C22=1,0,IF(AND(F22<cfg_gf_voc_ratio_threshold,J22>cfg_gf_i_high_z_threshold),1,0))
A23: WB05-INV04 | B23: PV1 | C23: 0 | D23: =IFERROR(MEDIAN(Helpers_GF!F32:F40),"") | E23: =voc_string_26_calc | F23: =IFERROR(D23/E23,"") | G23: =MEDIAN(Raw_Data_GF!K35:K40) | H23: =MEDIAN(Helpers_GF!L35:L40) | I23: =IF(STDEV(Helpers_GF!L35:L40)=0,0.01,STDEV(Helpers_GF!L35:L40)) | J23: =IFERROR((G23-H23)/I23,"") | K23: =IF(C23=1,0,IF(AND(F23<cfg_gf_voc_ratio_threshold,J23>cfg_gf_i_high_z_threshold),1,0))
A24: WB05-INV04 | B24: PV2 | C24: 0 | D24: =IFERROR(MEDIAN(Helpers_GF!G32:G40),"") | E24: =voc_string_26_calc | F24: =IFERROR(D24/E24,"") | G24: =MEDIAN(Raw_Data_GF!L35:L40) | H24: =MEDIAN(Helpers_GF!M35:M40) | I24: =IF(STDEV(Helpers_GF!M35:M40)=0,0.01,STDEV(Helpers_GF!M35:M40)) | J24: =IFERROR((G24-H24)/I24,"") | K24: =IF(C24=1,0,IF(AND(F24<cfg_gf_voc_ratio_threshold,J24>cfg_gf_i_high_z_threshold),1,0))
A25: WB05-INV04 | B25: PV3 | C25: 0 | D25: =IFERROR(MEDIAN(Helpers_GF!H32:H40),"") | E25: =voc_string_26_calc | F25: =IFERROR(D25/E25,"") | G25: =MEDIAN(Raw_Data_GF!M35:M40) | H25: =MEDIAN(Helpers_GF!N35:N40) | I25: =IF(STDEV(Helpers_GF!N35:N40)=0,0.01,STDEV(Helpers_GF!N35:N40)) | J25: =IFERROR((G25-H25)/I25,"") | K25: =IF(C25=1,0,IF(AND(F25<cfg_gf_voc_ratio_threshold,J25>cfg_gf_i_high_z_threshold),1,0))
A26: WB05-INV04 | B26: PV4 | C26: 0 | D26: =IFERROR(MEDIAN(Helpers_GF!I32:I40),"") | E26: =voc_string_26_calc | F26: =IFERROR(D26/E26,"") | G26: =MEDIAN(Raw_Data_GF!N35:N40) | H26: =MEDIAN(Helpers_GF!O35:O40) | I26: =IF(STDEV(Helpers_GF!O35:O40)=0,0.01,STDEV(Helpers_GF!O35:O40)) | J26: =IFERROR((G26-H26)/I26,"") | K26: =IF(C26=1,0,IF(AND(F26<cfg_gf_voc_ratio_threshold,J26>cfg_gf_i_high_z_threshold),1,0))
A27: WB05-INV04 | B27: PV5 | C27: 0 | D27: =IFERROR(MEDIAN(Helpers_GF!J32:J40),"") | E27: =voc_string_26_calc | F27: =IFERROR(D27/E27,"") | G27: =MEDIAN(Raw_Data_GF!O35:O40) | H27: =MEDIAN(Helpers_GF!P35:P40) | I27: =IF(STDEV(Helpers_GF!P35:P40)=0,0.01,STDEV(Helpers_GF!P35:P40)) | J27: =IFERROR((G27-H27)/I27,"") | K27: =IF(C27=1,0,IF(AND(F27<cfg_gf_voc_ratio_threshold,J27>cfg_gf_i_high_z_threshold),1,0))
A28: WB05-INV04 | B28: PV6 | C28: 0 | D28: =IFERROR(MEDIAN(Helpers_GF!K32:K40),"") | E28: =voc_string_26_calc | F28: =IFERROR(D28/E28,"") | G28: =MEDIAN(Raw_Data_GF!P35:P40) | H28: =MEDIAN(Helpers_GF!Q35:Q40) | I28: =IF(STDEV(Helpers_GF!Q35:Q40)=0,0.01,STDEV(Helpers_GF!Q35:Q40)) | J28: =IFERROR((G28-H28)/I28,"") | K28: =IF(C28=1,0,IF(AND(F28<cfg_gf_voc_ratio_threshold,J28>cfg_gf_i_high_z_threshold),1,0))

Sheet M2c_GroundFault
A1: M2c_GroundFault — keputusan per-inverter (ground_fault.py run())
A2: Triple-signal: absolute(MAX|V_gnd|>50) · adaptive(|med-fleet|/std>3) · spec(ADA string voc_ratio<0.85 & i_z>2). confidence: spec+(abs|adp)=90 · spec=80 · abs+adp=80 · abs=70 · adp=60. severity CRITICAL kalau conf≥80 else HIGH.
A3: Finding per-inverter; pv_string = worst (voc_ratio terendah). value = |V_gnd_median|. fleet median/std = INPUT (Config).
A4: Inverter_ID | B4: V_gnd_max_abs | C4: V_gnd_median | D4: adaptive_z | E4: flag_absolute | F4: flag_adaptive | G4: flag_spec | H4: triggered_by | I4: confidence | J4: severity | K4: worst_PV | L4: worst_voc_ratio | M4: status | N4: message
A5: WB05-INV01 | B5: =MAX(Helpers_GF!R8:R13) | C5: =MEDIAN(Raw_Data_GF!D8:D13) | D5: =ABS(C5-cfg_gf_fleet_v_gnd_median)/MAX(cfg_gf_fleet_v_gnd_std,0.01) | E5: =IF(B5>cfg_gf_v_abs_threshold,1,0) | F5: =IF(D5>cfg_gf_adaptive_z_threshold,1,0) | G5: =IF(SUM(GF_StringMetrics!K5:K10)>0,1,0) | H5: =MID(IF(E5=1,"+absolute","")&IF(F5=1,"+adaptive","")&IF(G5=1,"+spec_4.2.3",""),2,99) | I5: =IF(AND(G5=1,OR(E5=1,F5=1)),90,IF(G5=1,80,IF(AND(E5=1,F5=1),80,IF(E5=1,70,IF(F5=1,60,0))))) | J5: =IF(I5>=80,"CRITICAL",IF(I5>0,"HIGH","-")) | K5: =INDEX(GF_StringMetrics!B5:B10,MATCH(L5,GF_StringMetrics!F5:F10,0)) | L5: =MIN(GF_StringMetrics!F5:F10) | M5: =IF(OR(E5=1,F5=1,G5=1),"ground_fault","NORMAL") | N5: =IF(M5="ground_fault","Ground-fault suspect ("&H5&"): |V_gnd_med|="&TEXT(ABS(C5),"0.0")&"V worst "&K5&" voc_ratio="&TEXT(L5,"0.000")&" conf "&I5&"%","")
A6: WB05-INV02 | B6: =MAX(Helpers_GF!R17:R22) | C6: =MEDIAN(Raw_Data_GF!D17:D22) | D6: =ABS(C6-cfg_gf_fleet_v_gnd_median)/MAX(cfg_gf_fleet_v_gnd_std,0.01) | E6: =IF(B6>cfg_gf_v_abs_threshold,1,0) | F6: =IF(D6>cfg_gf_adaptive_z_threshold,1,0) | G6: =IF(SUM(GF_StringMetrics!K11:K16)>0,1,0) | H6: =MID(IF(E6=1,"+absolute","")&IF(F6=1,"+adaptive","")&IF(G6=1,"+spec_4.2.3",""),2,99) | I6: =IF(AND(G6=1,OR(E6=1,F6=1)),90,IF(G6=1,80,IF(AND(E6=1,F6=1),80,IF(E6=1,70,IF(F6=1,60,0))))) | J6: =IF(I6>=80,"CRITICAL",IF(I6>0,"HIGH","-")) | K6: =INDEX(GF_StringMetrics!B11:B16,MATCH(L6,GF_StringMetrics!F11:F16,0)) | L6: =MIN(GF_StringMetrics!F11:F16) | M6: =IF(OR(E6=1,F6=1,G6=1),"ground_fault","NORMAL") | N6: =IF(M6="ground_fault","Ground-fault suspect ("&H6&"): |V_gnd_med|="&TEXT(ABS(C6),"0.0")&"V worst "&K6&" voc_ratio="&TEXT(L6,"0.000")&" conf "&I6&"%","")
A7: WB05-INV03 | B7: =MAX(Helpers_GF!R26:R31) | C7: =MEDIAN(Raw_Data_GF!D26:D31) | D7: =ABS(C7-cfg_gf_fleet_v_gnd_median)/MAX(cfg_gf_fleet_v_gnd_std,0.01) | E7: =IF(B7>cfg_gf_v_abs_threshold,1,0) | F7: =IF(D7>cfg_gf_adaptive_z_threshold,1,0) | G7: =IF(SUM(GF_StringMetrics!K17:K22)>0,1,0) | H7: =MID(IF(E7=1,"+absolute","")&IF(F7=1,"+adaptive","")&IF(G7=1,"+spec_4.2.3",""),2,99) | I7: =IF(AND(G7=1,OR(E7=1,F7=1)),90,IF(G7=1,80,IF(AND(E7=1,F7=1),80,IF(E7=1,70,IF(F7=1,60,0))))) | J7: =IF(I7>=80,"CRITICAL",IF(I7>0,"HIGH","-")) | K7: =INDEX(GF_StringMetrics!B17:B22,MATCH(L7,GF_StringMetrics!F17:F22,0)) | L7: =MIN(GF_StringMetrics!F17:F22) | M7: =IF(OR(E7=1,F7=1,G7=1),"ground_fault","NORMAL") | N7: =IF(M7="ground_fault","Ground-fault suspect ("&H7&"): |V_gnd_med|="&TEXT(ABS(C7),"0.0")&"V worst "&K7&" voc_ratio="&TEXT(L7,"0.000")&" conf "&I7&"%","")
A8: WB05-INV04 | B8: =MAX(Helpers_GF!R35:R40) | C8: =MEDIAN(Raw_Data_GF!D35:D40) | D8: =ABS(C8-cfg_gf_fleet_v_gnd_median)/MAX(cfg_gf_fleet_v_gnd_std,0.01) | E8: =IF(B8>cfg_gf_v_abs_threshold,1,0) | F8: =IF(D8>cfg_gf_adaptive_z_threshold,1,0) | G8: =IF(SUM(GF_StringMetrics!K23:K28)>0,1,0) | H8: =MID(IF(E8=1,"+absolute","")&IF(F8=1,"+adaptive","")&IF(G8=1,"+spec_4.2.3",""),2,99) | I8: =IF(AND(G8=1,OR(E8=1,F8=1)),90,IF(G8=1,80,IF(AND(E8=1,F8=1),80,IF(E8=1,70,IF(F8=1,60,0))))) | J8: =IF(I8>=80,"CRITICAL",IF(I8>0,"HIGH","-")) | K8: =INDEX(GF_StringMetrics!B23:B28,MATCH(L8,GF_StringMetrics!F23:F28,0)) | L8: =MIN(GF_StringMetrics!F23:F28) | M8: =IF(OR(E8=1,F8=1,G8=1),"ground_fault","NORMAL") | N8: =IF(M8="ground_fault","Ground-fault suspect ("&H8&"): |V_gnd_med|="&TEXT(ABS(C8),"0.0")&"V worst "&K8&" voc_ratio="&TEXT(L8,"0.000")&" conf "&I8&"%","")

Sheet M2c_GF_StringStatus
A1: M2c_GF_StringStatus — replika artifact StringStatus (ground_fault.py)
A2: Mirror self.artifacts['StringStatus']: per-PV status (fan-out status inverter), is_worst_string, V_gnd stats, confidence. Empty slot → EMPTY (top-up EmptyPVMap). Status string = status inverter (semua string inverter ter-flag dapat 'ground_fault').
A4: poa_source | B4: inverter_id | C4: wb_id | D4: pv_string | E4: status | F4: is_worst_string | G4: v_gnd_median | H4: v_gnd_max_abs | I4: adaptive_z | J4: triggered_by | K4: confidence | L4: voc_ratio
A5: dummy_single | B5: WB05-INV01 | C5: WB05 | D5: PV1 | E5: =M2c_GroundFault!M5 | F5: =IF(M2c_GroundFault!K5="PV1",TRUE,FALSE) | G5: =M2c_GroundFault!C5 | H5: =M2c_GroundFault!B5 | I5: =M2c_GroundFault!D5 | J5: =M2c_GroundFault!H5 | K5: =M2c_GroundFault!I5 | L5: =IFERROR(GF_StringMetrics!F5,"")
A6: dummy_single | B6: WB05-INV01 | C6: WB05 | D6: PV2 | E6: =M2c_GroundFault!M5 | F6: =IF(M2c_GroundFault!K5="PV2",TRUE,FALSE) | G6: =M2c_GroundFault!C5 | H6: =M2c_GroundFault!B5 | I6: =M2c_GroundFault!D5 | J6: =M2c_GroundFault!H5 | K6: =M2c_GroundFault!I5 | L6: =IFERROR(GF_StringMetrics!F6,"")
A7: dummy_single | B7: WB05-INV01 | C7: WB05 | D7: PV3 | E7: =M2c_GroundFault!M5 | F7: =IF(M2c_GroundFault!K5="PV3",TRUE,FALSE) | G7: =M2c_GroundFault!C5 | H7: =M2c_GroundFault!B5 | I7: =M2c_GroundFault!D5 | J7: =M2c_GroundFault!H5 | K7: =M2c_GroundFault!I5 | L7: =IFERROR(GF_StringMetrics!F7,"")
A8: dummy_single | B8: WB05-INV01 | C8: WB05 | D8: PV4 | E8: =M2c_GroundFault!M5 | F8: =IF(M2c_GroundFault!K5="PV4",TRUE,FALSE) | G8: =M2c_GroundFault!C5 | H8: =M2c_GroundFault!B5 | I8: =M2c_GroundFault!D5 | J8: =M2c_GroundFault!H5 | K8: =M2c_GroundFault!I5 | L8: =IFERROR(GF_StringMetrics!F8,"")
A9: dummy_single | B9: WB05-INV01 | C9: WB05 | D9: PV5 | E9: EMPTY | F9: =IF(M2c_GroundFault!K5="PV5",TRUE,FALSE) | G9: =M2c_GroundFault!C5 | H9: =M2c_GroundFault!B5 | I9: =M2c_GroundFault!D5 | J9: =M2c_GroundFault!H5 | K9: =M2c_GroundFault!I5 | L9: =IFERROR(GF_StringMetrics!F9,"")
A10: dummy_single | B10: WB05-INV01 | C10: WB05 | D10: PV6 | E10: =M2c_GroundFault!M5 | F10: =IF(M2c_GroundFault!K5="PV6",TRUE,FALSE) | G10: =M2c_GroundFault!C5 | H10: =M2c_GroundFault!B5 | I10: =M2c_GroundFault!D5 | J10: =M2c_GroundFault!H5 | K10: =M2c_GroundFault!I5 | L10: =IFERROR(GF_StringMetrics!F10,"")
A11: dummy_single | B11: WB05-INV02 | C11: WB05 | D11: PV1 | E11: =M2c_GroundFault!M6 | F11: =IF(M2c_GroundFault!K6="PV1",TRUE,FALSE) | G11: =M2c_GroundFault!C6 | H11: =M2c_GroundFault!B6 | I11: =M2c_GroundFault!D6 | J11: =M2c_GroundFault!H6 | K11: =M2c_GroundFault!I6 | L11: =IFERROR(GF_StringMetrics!F11,"")
A12: dummy_single | B12: WB05-INV02 | C12: WB05 | D12: PV2 | E12: =M2c_GroundFault!M6 | F12: =IF(M2c_GroundFault!K6="PV2",TRUE,FALSE) | G12: =M2c_GroundFault!C6 | H12: =M2c_GroundFault!B6 | I12: =M2c_GroundFault!D6 | J12: =M2c_GroundFault!H6 | K12: =M2c_GroundFault!I6 | L12: =IFERROR(GF_StringMetrics!F12,"")
A13: dummy_single | B13: WB05-INV02 | C13: WB05 | D13: PV3 | E13: =M2c_GroundFault!M6 | F13: =IF(M2c_GroundFault!K6="PV3",TRUE,FALSE) | G13: =M2c_GroundFault!C6 | H13: =M2c_GroundFault!B6 | I13: =M2c_GroundFault!D6 | J13: =M2c_GroundFault!H6 | K13: =M2c_GroundFault!I6 | L13: =IFERROR(GF_StringMetrics!F13,"")
A14: dummy_single | B14: WB05-INV02 | C14: WB05 | D14: PV4 | E14: =M2c_GroundFault!M6 | F14: =IF(M2c_GroundFault!K6="PV4",TRUE,FALSE) | G14: =M2c_GroundFault!C6 | H14: =M2c_GroundFault!B6 | I14: =M2c_GroundFault!D6 | J14: =M2c_GroundFault!H6 | K14: =M2c_GroundFault!I6 | L14: =IFERROR(GF_StringMetrics!F14,"")
A15: dummy_single | B15: WB05-INV02 | C15: WB05 | D15: PV5 | E15: EMPTY | F15: =IF(M2c_GroundFault!K6="PV5",TRUE,FALSE) | G15: =M2c_GroundFault!C6 | H15: =M2c_GroundFault!B6 | I15: =M2c_GroundFault!D6 | J15: =M2c_GroundFault!H6 | K15: =M2c_GroundFault!I6 | L15: =IFERROR(GF_StringMetrics!F15,"")
A16: dummy_single | B16: WB05-INV02 | C16: WB05 | D16: PV6 | E16: =M2c_GroundFault!M6 | F16: =IF(M2c_GroundFault!K6="PV6",TRUE,FALSE) | G16: =M2c_GroundFault!C6 | H16: =M2c_GroundFault!B6 | I16: =M2c_GroundFault!D6 | J16: =M2c_GroundFault!H6 | K16: =M2c_GroundFault!I6 | L16: =IFERROR(GF_StringMetrics!F16,"")
A17: dummy_single | B17: WB05-INV03 | C17: WB05 | D17: PV1 | E17: =M2c_GroundFault!M7 | F17: =IF(M2c_GroundFault!K7="PV1",TRUE,FALSE) | G17: =M2c_GroundFault!C7 | H17: =M2c_GroundFault!B7 | I17: =M2c_GroundFault!D7 | J17: =M2c_GroundFault!H7 | K17: =M2c_GroundFault!I7 | L17: =IFERROR(GF_StringMetrics!F17,"")
A18: dummy_single | B18: WB05-INV03 | C18: WB05 | D18: PV2 | E18: =M2c_GroundFault!M7 | F18: =IF(M2c_GroundFault!K7="PV2",TRUE,FALSE) | G18: =M2c_GroundFault!C7 | H18: =M2c_GroundFault!B7 | I18: =M2c_GroundFault!D7 | J18: =M2c_GroundFault!H7 | K18: =M2c_GroundFault!I7 | L18: =IFERROR(GF_StringMetrics!F18,"")
A19: dummy_single | B19: WB05-INV03 | C19: WB05 | D19: PV3 | E19: =M2c_GroundFault!M7 | F19: =IF(M2c_GroundFault!K7="PV3",TRUE,FALSE) | G19: =M2c_GroundFault!C7 | H19: =M2c_GroundFault!B7 | I19: =M2c_GroundFault!D7 | J19: =M2c_GroundFault!H7 | K19: =M2c_GroundFault!I7 | L19: =IFERROR(GF_StringMetrics!F19,"")
A20: dummy_single | B20: WB05-INV03 | C20: WB05 | D20: PV4 | E20: =M2c_GroundFault!M7 | F20: =IF(M2c_GroundFault!K7="PV4",TRUE,FALSE) | G20: =M2c_GroundFault!C7 | H20: =M2c_GroundFault!B7 | I20: =M2c_GroundFault!D7 | J20: =M2c_GroundFault!H7 | K20: =M2c_GroundFault!I7 | L20: =IFERROR(GF_StringMetrics!F20,"")
A21: dummy_single | B21: WB05-INV03 | C21: WB05 | D21: PV5 | E21: =M2c_GroundFault!M7 | F21: =IF(M2c_GroundFault!K7="PV5",TRUE,FALSE) | G21: =M2c_GroundFault!C7 | H21: =M2c_GroundFault!B7 | I21: =M2c_GroundFault!D7 | J21: =M2c_GroundFault!H7 | K21: =M2c_GroundFault!I7 | L21: =IFERROR(GF_StringMetrics!F21,"")
A22: dummy_single | B22: WB05-INV03 | C22: WB05 | D22: PV6 | E22: =M2c_GroundFault!M7 | F22: =IF(M2c_GroundFault!K7="PV6",TRUE,FALSE) | G22: =M2c_GroundFault!C7 | H22: =M2c_GroundFault!B7 | I22: =M2c_GroundFault!D7 | J22: =M2c_GroundFault!H7 | K22: =M2c_GroundFault!I7 | L22: =IFERROR(GF_StringMetrics!F22,"")
A23: dummy_single | B23: WB05-INV04 | C23: WB05 | D23: PV1 | E23: =M2c_GroundFault!M8 | F23: =IF(M2c_GroundFault!K8="PV1",TRUE,FALSE) | G23: =M2c_GroundFault!C8 | H23: =M2c_GroundFault!B8 | I23: =M2c_GroundFault!D8 | J23: =M2c_GroundFault!H8 | K23: =M2c_GroundFault!I8 | L23: =IFERROR(GF_StringMetrics!F23,"")
A24: dummy_single | B24: WB05-INV04 | C24: WB05 | D24: PV2 | E24: =M2c_GroundFault!M8 | F24: =IF(M2c_GroundFault!K8="PV2",TRUE,FALSE) | G24: =M2c_GroundFault!C8 | H24: =M2c_GroundFault!B8 | I24: =M2c_GroundFault!D8 | J24: =M2c_GroundFault!H8 | K24: =M2c_GroundFault!I8 | L24: =IFERROR(GF_StringMetrics!F24,"")
A25: dummy_single | B25: WB05-INV04 | C25: WB05 | D25: PV3 | E25: =M2c_GroundFault!M8 | F25: =IF(M2c_GroundFault!K8="PV3",TRUE,FALSE) | G25: =M2c_GroundFault!C8 | H25: =M2c_GroundFault!B8 | I25: =M2c_GroundFault!D8 | J25: =M2c_GroundFault!H8 | K25: =M2c_GroundFault!I8 | L25: =IFERROR(GF_StringMetrics!F25,"")
A26: dummy_single | B26: WB05-INV04 | C26: WB05 | D26: PV4 | E26: =M2c_GroundFault!M8 | F26: =IF(M2c_GroundFault!K8="PV4",TRUE,FALSE) | G26: =M2c_GroundFault!C8 | H26: =M2c_GroundFault!B8 | I26: =M2c_GroundFault!D8 | J26: =M2c_GroundFault!H8 | K26: =M2c_GroundFault!I8 | L26: =IFERROR(GF_StringMetrics!F26,"")
A27: dummy_single | B27: WB05-INV04 | C27: WB05 | D27: PV5 | E27: =M2c_GroundFault!M8 | F27: =IF(M2c_GroundFault!K8="PV5",TRUE,FALSE) | G27: =M2c_GroundFault!C8 | H27: =M2c_GroundFault!B8 | I27: =M2c_GroundFault!D8 | J27: =M2c_GroundFault!H8 | K27: =M2c_GroundFault!I8 | L27: =IFERROR(GF_StringMetrics!F27,"")
A28: dummy_single | B28: WB05-INV04 | C28: WB05 | D28: PV6 | E28: =M2c_GroundFault!M8 | F28: =IF(M2c_GroundFault!K8="PV6",TRUE,FALSE) | G28: =M2c_GroundFault!C8 | H28: =M2c_GroundFault!B8 | I28: =M2c_GroundFault!D8 | J28: =M2c_GroundFault!H8 | K28: =M2c_GroundFault!I8 | L28: =IFERROR(GF_StringMetrics!F28,"")

Sheet Raw_Data_IF
A1: Raw_Data_IF — V/I per PV string (WB05-INV01, 14 ts daylight)
A2: 1 inverter, 6 PV string, 14 timestamp noon (POA=900). Sel anomali di-inject (di-highlight): PV3@12:25/12:30 arus drop, PV5@12:45 V drop, PV2@12:10 arus tinggi.
A3: Detector iForest ASLI train per inverter di SEMUA daylight sample. Ganti dengan data Huawei aktual (paste over).
A4: t | B4: Start Time | C4: POA | D4: PV1 V | E4: PV2 V | F4: PV3 V | G4: PV4 V | H4: PV5 V | I4: PV6 V | J4: PV1 I | K4: PV2 I | L4: PV3 I | M4: PV4 I | N4: PV5 I | O4: PV6 I
A5: 0 | B5: 46156.5 | C5: 900 | D5: 1200.6 | E5: 1199.4 | F5: 1200.3 | G5: 1199.7 | H5: 1200.9 | I5: 1199.1 | J5: 10.089734 | K5: 9.9897339 | L5: 10.069734 | M5: 10.009734 | N5: 10.109734 | O5: 9.9697339
A6: 1 | B6: 46156.503 | C6: 900 | D6: 1200.6 | E6: 1199.4 | F6: 1200.3 | G6: 1199.7 | H6: 1200.9 | I6: 1199.1 | J6: 10.129885 | K6: 10.029885 | L6: 10.109885 | M6: 10.049885 | N6: 10.149885 | O6: 10.009885
A7: 2 | B7: 46156.507 | C7: 900 | D7: 1200.6 | E7: 1199.4 | F7: 1200.3 | G7: 1199.7 | H7: 1200.9 | I7: 1199.1 | J7: 10.166497 | K7: 12.6 | L7: 10.146497 | M7: 10.086497 | N7: 10.186497 | O7: 10.046497
A8: 3 | B8: 46156.51 | C8: 900 | D8: 1200.6 | E8: 1199.4 | F8: 1200.3 | G8: 1199.7 | H8: 1200.9 | I8: 1199.1 | J8: 10.197947 | K8: 10.097947 | L8: 10.177947 | M8: 10.117947 | N8: 10.217947 | O8: 10.077947
A9: 4 | B9: 46156.514 | C9: 900 | D9: 1200.6 | E9: 1199.4 | F9: 1200.3 | G9: 1199.7 | H9: 1200.9 | I9: 1199.1 | J9: 10.222841 | K9: 10.122841 | L9: 10.202841 | M9: 10.142841 | N9: 10.242841 | O9: 10.102841
A10: 5 | B10: 46156.517 | C10: 900 | D10: 1200.6 | E10: 1199.4 | F10: 1200.3 | G10: 1199.7 | H10: 1200.9 | I10: 1199.1 | J10: 10.240076 | K10: 10.140076 | L10: 3 | M10: 10.160076 | N10: 10.260076 | O10: 10.120076
A11: 6 | B11: 46156.521 | C11: 900 | D11: 1200.6 | E11: 1199.4 | F11: 1200.3 | G11: 1199.7 | H11: 1200.9 | I11: 1199.1 | J11: 10.248889 | K11: 10.148889 | L11: 4 | M11: 10.168889 | N11: 10.268889 | O11: 10.128889
A12: 7 | B12: 46156.524 | C12: 900 | D12: 1200.6 | E12: 1199.4 | F12: 1200.3 | G12: 1199.7 | H12: 1200.9 | I12: 1199.1 | J12: 10.248889 | K12: 10.148889 | L12: 10.228889 | M12: 10.168889 | N12: 10.268889 | O12: 10.128889
A13: 8 | B13: 46156.528 | C13: 900 | D13: 1200.6 | E13: 1199.4 | F13: 1200.3 | G13: 1199.7 | H13: 1200.9 | I13: 1199.1 | J13: 10.240076 | K13: 10.140076 | L13: 10.220076 | M13: 10.160076 | N13: 10.260076 | O13: 10.120076
A14: 9 | B14: 46156.531 | C14: 900 | D14: 1200.6 | E14: 1199.4 | F14: 1200.3 | G14: 1199.7 | H14: 1100 | I14: 1199.1 | J14: 10.222841 | K14: 10.122841 | L14: 10.202841 | M14: 10.142841 | N14: 10.242841 | O14: 10.102841
A15: 10 | B15: 46156.535 | C15: 900 | D15: 1200.6 | E15: 1199.4 | F15: 1200.3 | G15: 1199.7 | H15: 1200.9 | I15: 1199.1 | J15: 10.197947 | K15: 10.097947 | L15: 10.177947 | M15: 10.117947 | N15: 10.217947 | O15: 10.077947
A16: 11 | B16: 46156.538 | C16: 900 | D16: 1200.6 | E16: 1199.4 | F16: 1200.3 | G16: 1199.7 | H16: 1200.9 | I16: 1199.1 | J16: 10.166497 | K16: 10.066497 | L16: 10.146497 | M16: 10.086497 | N16: 10.186497 | O16: 10.046497
... A18: 13 | B18: 46156.545 | C18: 900 | D18: 1200.6 | E18: 1199.4 | F18: 1200.3 | G18: 1199.7 | H18: 1200.9 | I18: 1199.1 | J18: 10.089734 | K18: 9.9897339 | L18: 10.069734 | M18: 10.009734 | N18: 10.109734 | O18: 9.9697339

Sheet Features_IF
A1: Features_IF — fitur build_feature_matrix + robust-z (MAD)
A2: Fitur IDENTIK detector: V, I, V_dev=V−MEDIAN(siblings@ts), I_dev=I−MEDIAN(siblings@ts), R=V/MAX(I,floor). 84 sampel = 6 PV × 14 ts.
A3: Skor A = MAX robust-z lintas 5 fitur, z=|x−median|/(1.4826·MAD) per fitur (stats kolom U-X). CATATAN: A ≈ proxy MAD, BUKAN skor IsolationForest asli (path-length 100 pohon).
A4: pv | B4: t | C4: Start Time | D4: V | E4: I | F4: V_dev | G4: I_dev | H4: R | I4: absdev_V | J4: absdev_I | K4: absdev_Vdev | L4: absdev_Idev | M4: absdev_R | N4: z_V | O4: z_I | P4: z_Vdev | Q4: z_Idev | R4: z_R | S4: A (max z) | U4: feature | V4: median | W4: MAD | X4: scale=1.4826·MAD
A5: 1 | B5: 0 | C5: =Raw_Data_IF!B5 | D5: =Raw_Data_IF!D5 | E5: =Raw_Data_IF!J5 | F5: =Raw_Data_IF!D5-MEDIAN(Raw_Data_IF!D5:I5) | G5: =Raw_Data_IF!J5-MEDIAN(Raw_Data_IF!J5:O5) | H5: =Raw_Data_IF!D5/MAX(Raw_Data_IF!J5,cfg_if_i_floor) | I5: =ABS(D5-$V$5) | J5: =ABS(E5-$V$6) | K5: =ABS(F5-$V$7) | L5: =ABS(G5-$V$8) | M5: =ABS(H5-$V$9) | N5: =I5/$X$5 | O5: =J5/$X$6 | P5: =K5/$X$7 | Q5: =L5/$X$8 | R5: =M5/$X$9 | S5: =MAX(N5:R5) | U5: V | V5: =MEDIAN(D5:D88) | W5: =MEDIAN(I5:I88) | X5: =MAX(cfg_if_mad_scale*W5,0.000000001)
A6: 2 | B6: 0 | C6: =Raw_Data_IF!B5 | D6: =Raw_Data_IF!E5 | E6: =Raw_Data_IF!K5 | F6: =Raw_Data_IF!E5-MEDIAN(Raw_Data_IF!D5:I5) | G6: =Raw_Data_IF!K5-MEDIAN(Raw_Data_IF!J5:O5) | H6: =Raw_Data_IF!E5/MAX(Raw_Data_IF!K5,cfg_if_i_floor) | I6: =ABS(D6-$V$5) | J6: =ABS(E6-$V$6) | K6: =ABS(F6-$V$7) | L6: =ABS(G6-$V$8) | M6: =ABS(H6-$V$9) | N6: =I6/$X$5 | O6: =J6/$X$6 | P6: =K6/$X$7 | Q6: =L6/$X$8 | R6: =M6/$X$9 | S6: =MAX(N6:R6) | U6: I | V6: =MEDIAN(E5:E88) | W6: =MEDIAN(J5:J88) | X6: =MAX(cfg_if_mad_scale*W6,0.000000001)
A7: 3 | B7: 0 | C7: =Raw_Data_IF!B5 | D7: =Raw_Data_IF!F5 | E7: =Raw_Data_IF!L5 | F7: =Raw_Data_IF!F5-MEDIAN(Raw_Data_IF!D5:I5) | G7: =Raw_Data_IF!L5-MEDIAN(Raw_Data_IF!J5:O5) | H7: =Raw_Data_IF!F5/MAX(Raw_Data_IF!L5,cfg_if_i_floor) | I7: =ABS(D7-$V$5) | J7: =ABS(E7-$V$6) | K7: =ABS(F7-$V$7) | L7: =ABS(G7-$V$8) | M7: =ABS(H7-$V$9) | N7: =I7/$X$5 | O7: =J7/$X$6 | P7: =K7/$X$7 | Q7: =L7/$X$8 | R7: =M7/$X$9 | S7: =MAX(N7:R7) | U7: V_dev | V7: =MEDIAN(F5:F88) | W7: =MEDIAN(K5:K88) | X7: =MAX(cfg_if_mad_scale*W7,0.000000001)
A8: 4 | B8: 0 | C8: =Raw_Data_IF!B5 | D8: =Raw_Data_IF!G5 | E8: =Raw_Data_IF!M5 | F8: =Raw_Data_IF!G5-MEDIAN(Raw_Data_IF!D5:I5) | G8: =Raw_Data_IF!M5-MEDIAN(Raw_Data_IF!J5:O5) | H8: =Raw_Data_IF!G5/MAX(Raw_Data_IF!M5,cfg_if_i_floor) | I8: =ABS(D8-$V$5) | J8: =ABS(E8-$V$6) | K8: =ABS(F8-$V$7) | L8: =ABS(G8-$V$8) | M8: =ABS(H8-$V$9) | N8: =I8/$X$5 | O8: =J8/$X$6 | P8: =K8/$X$7 | Q8: =L8/$X$8 | R8: =M8/$X$9 | S8: =MAX(N8:R8) | U8: I_dev | V8: =MEDIAN(G5:G88) | W8: =MEDIAN(L5:L88) | X8: =MAX(cfg_if_mad_scale*W8,0.000000001)
A9: 5 | B9: 0 | C9: =Raw_Data_IF!B5 | D9: =Raw_Data_IF!H5 | E9: =Raw_Data_IF!N5 | F9: =Raw_Data_IF!H5-MEDIAN(Raw_Data_IF!D5:I5) | G9: =Raw_Data_IF!N5-MEDIAN(Raw_Data_IF!J5:O5) | H9: =Raw_Data_IF!H5/MAX(Raw_Data_IF!N5,cfg_if_i_floor) | I9: =ABS(D9-$V$5) | J9: =ABS(E9-$V$6) | K9: =ABS(F9-$V$7) | L9: =ABS(G9-$V$8) | M9: =ABS(H9-$V$9) | N9: =I9/$X$5 | O9: =J9/$X$6 | P9: =K9/$X$7 | Q9: =L9/$X$8 | R9: =M9/$X$9 | S9: =MAX(N9:R9) | U9: R | V9: =MEDIAN(H5:H88) | W9: =MEDIAN(M5:M88) | X9: =MAX(cfg_if_mad_scale*W9,0.000000001)
A10: 6 | B10: 0 | C10: =Raw_Data_IF!B5 | D10: =Raw_Data_IF!I5 | E10: =Raw_Data_IF!O5 | F10: =Raw_Data_IF!I5-MEDIAN(Raw_Data_IF!D5:I5) | G10: =Raw_Data_IF!O5-MEDIAN(Raw_Data_IF!J5:O5) | H10: =Raw_Data_IF!I5/MAX(Raw_Data_IF!O5,cfg_if_i_floor) | I10: =ABS(D10-$V$5) | J10: =ABS(E10-$V$6) | K10: =ABS(F10-$V$7) | L10: =ABS(G10-$V$8) | M10: =ABS(H10-$V$9) | N10: =I10/$X$5 | O10: =J10/$X$6 | P10: =K10/$X$7 | Q10: =L10/$X$8 | R10: =M10/$X$9 | S10: =MAX(N10:R10)
A11: 1 | B11: 1 | C11: =Raw_Data_IF!B6 | D11: =Raw_Data_IF!D6 | E11: =Raw_Data_IF!J6 | F11: =Raw_Data_IF!D6-MEDIAN(Raw_Data_IF!D6:I6) | G11: =Raw_Data_IF!J6-MEDIAN(Raw_Data_IF!J6:O6) | H11: =Raw_Data_IF!D6/MAX(Raw_Data_IF!J6,cfg_if_i_floor) | I11: =ABS(D11-$V$5) | J11: =ABS(E11-$V$6) | K11: =ABS(F11-$V$7) | L11: =ABS(G11-$V$8) | M11: =ABS(H11-$V$9) | N11: =I11/$X$5 | O11: =J11/$X$6 | P11: =K11/$X$7 | Q11: =L11/$X$8 | R11: =M11/$X$9 | S11: =MAX(N11:R11)
A12: 2 | B12: 1 | C12: =Raw_Data_IF!B6 | D12: =Raw_Data_IF!E6 | E12: =Raw_Data_IF!K6 | F12: =Raw_Data_IF!E6-MEDIAN(Raw_Data_IF!D6:I6) | G12: =Raw_Data_IF!K6-MEDIAN(Raw_Data_IF!J6:O6) | H12: =Raw_Data_IF!E6/MAX(Raw_Data_IF!K6,cfg_if_i_floor) | I12: =ABS(D12-$V$5) | J12: =ABS(E12-$V$6) | K12: =ABS(F12-$V$7) | L12: =ABS(G12-$V$8) | M12: =ABS(H12-$V$9) | N12: =I12/$X$5 | O12: =J12/$X$6 | P12: =K12/$X$7 | Q12: =L12/$X$8 | R12: =M12/$X$9 | S12: =MAX(N12:R12)
A13: 3 | B13: 1 | C13: =Raw_Data_IF!B6 | D13: =Raw_Data_IF!F6 | E13: =Raw_Data_IF!L6 | F13: =Raw_Data_IF!F6-MEDIAN(Raw_Data_IF!D6:I6) | G13: =Raw_Data_IF!L6-MEDIAN(Raw_Data_IF!J6:O6) | H13: =Raw_Data_IF!F6/MAX(Raw_Data_IF!L6,cfg_if_i_floor) | I13: =ABS(D13-$V$5) | J13: =ABS(E13-$V$6) | K13: =ABS(F13-$V$7) | L13: =ABS(G13-$V$8) | M13: =ABS(H13-$V$9) | N13: =I13/$X$5 | O13: =J13/$X$6 | P13: =K13/$X$7 | Q13: =L13/$X$8 | R13: =M13/$X$9 | S13: =MAX(N13:R13)
A14: 4 | B14: 1 | C14: =Raw_Data_IF!B6 | D14: =Raw_Data_IF!G6 | E14: =Raw_Data_IF!M6 | F14: =Raw_Data_IF!G6-MEDIAN(Raw_Data_IF!D6:I6) | G14: =Raw_Data_IF!M6-MEDIAN(Raw_Data_IF!J6:O6) | H14: =Raw_Data_IF!G6/MAX(Raw_Data_IF!M6,cfg_if_i_floor) | I14: =ABS(D14-$V$5) | J14: =ABS(E14-$V$6) | K14: =ABS(F14-$V$7) | L14: =ABS(G14-$V$8) | M14: =ABS(H14-$V$9) | N14: =I14/$X$5 | O14: =J14/$X$6 | P14: =K14/$X$7 | Q14: =L14/$X$8 | R14: =M14/$X$9 | S14: =MAX(N14:R14)
A15: 5 | B15: 1 | C15: =Raw_Data_IF!B6 | D15: =Raw_Data_IF!H6 | E15: =Raw_Data_IF!N6 | F15: =Raw_Data_IF!H6-MEDIAN(Raw_Data_IF!D6:I6) | G15: =Raw_Data_IF!N6-MEDIAN(Raw_Data_IF!J6:O6) | H15: =Raw_Data_IF!H6/MAX(Raw_Data_IF!N6,cfg_if_i_floor) | I15: =ABS(D15-$V$5) | J15: =ABS(E15-$V$6) | K15: =ABS(F15-$V$7) | L15: =ABS(G15-$V$8) | M15: =ABS(H15-$V$9) | N15: =I15/$X$5 | O15: =J15/$X$6 | P15: =K15/$X$7 | Q15: =L15/$X$8 | R15: =M15/$X$9 | S15: =MAX(N15:R15)
A16: 6 | B16: 1 | C16: =Raw_Data_IF!B6 | D16: =Raw_Data_IF!I6 | E16: =Raw_Data_IF!O6 | F16: =Raw_Data_IF!I6-MEDIAN(Raw_Data_IF!D6:I6) | G16: =Raw_Data_IF!O6-MEDIAN(Raw_Data_IF!J6:O6) | H16: =Raw_Data_IF!I6/MAX(Raw_Data_IF!O6,cfg_if_i_floor) | I16: =ABS(D16-$V$5) | J16: =ABS(E16-$V$6) | K16: =ABS(F16-$V$7) | L16: =ABS(G16-$V$8) | M16: =ABS(H16-$V$9) | N16: =I16/$X$5 | O16: =J16/$X$6 | P16: =K16/$X$7 | Q16: =L16/$X$8 | R16: =M16/$X$9 | S16: =MAX(N16:R16)
A17: 1 | B17: 2 | C17: =Raw_Data_IF!B7 | D17: =Raw_Data_IF!D7 | E17: =Raw_Data_IF!J7 | F17: =Raw_Data_IF!D7-MEDIAN(Raw_Data_IF!D7:I7) | G17: =Raw_Data_IF!J7-MEDIAN(Raw_Data_IF!J7:O7) | H17: =Raw_Data_IF!D7/MAX(Raw_Data_IF!J7,cfg_if_i_floor) | I17: =ABS(D17-$V$5) | J17: =ABS(E17-$V$6) | K17: =ABS(F17-$V$7) | L17: =ABS(G17-$V$8) | M17: =ABS(H17-$V$9) | N17: =I17/$X$5 | O17: =J17/$X$6 | P17: =K17/$X$7 | Q17: =L17/$X$8 | R17: =M17/$X$9 | S17: =MAX(N17:R17)
A18: 2 | B18: 2 | C18: =Raw_Data_IF!B7 | D18: =Raw_Data_IF!E7 | E18: =Raw_Data_IF!K7 | F18: =Raw_Data_IF!E7-MEDIAN(Raw_Data_IF!D7:I7) | G18: =Raw_Data_IF!K7-MEDIAN(Raw_Data_IF!J7:O7) | H18: =Raw_Data_IF!E7/MAX(Raw_Data_IF!K7,cfg_if_i_floor) | I18: =ABS(D18-$V$5) | J18: =ABS(E18-$V$6) | K18: =ABS(F18-$V$7) | L18: =ABS(G18-$V$8) | M18: =ABS(H18-$V$9) | N18: =I18/$X$5 | O18: =J18/$X$6 | P18: =K18/$X$7 | Q18: =L18/$X$8 | R18: =M18/$X$9 | S18: =MAX(N18:R18)
A19: 3 | B19: 2 | C19: =Raw_Data_IF!B7 | D19: =Raw_Data_IF!F7 | E19: =Raw_Data_IF!L7 | F19: =Raw_Data_IF!F7-MEDIAN(Raw_Data_IF!D7:I7) | G19: =Raw_Data_IF!L7-MEDIAN(Raw_Data_IF!J7:O7) | H19: =Raw_Data_IF!F7/MAX(Raw_Data_IF!L7,cfg_if_i_floor) | I19: =ABS(D19-$V$5) | J19: =ABS(E19-$V$6) | K19: =ABS(F19-$V$7) | L19: =ABS(G19-$V$8) | M19: =ABS(H19-$V$9) | N19: =I19/$X$5 | O19: =J19/$X$6 | P19: =K19/$X$7 | Q19: =L19/$X$8 | R19: =M19/$X$9 | S19: =MAX(N19:R19)
A20: 4 | B20: 2 | C20: =Raw_Data_IF!B7 | D20: =Raw_Data_IF!G7 | E20: =Raw_Data_IF!M7 | F20: =Raw_Data_IF!G7-MEDIAN(Raw_Data_IF!D7:I7) | G20: =Raw_Data_IF!M7-MEDIAN(Raw_Data_IF!J7:O7) | H20: =Raw_Data_IF!G7/MAX(Raw_Data_IF!M7,cfg_if_i_floor) | I20: =ABS(D20-$V$5) | J20: =ABS(E20-$V$6) | K20: =ABS(F20-$V$7) | L20: =ABS(G20-$V$8) | M20: =ABS(H20-$V$9) | N20: =I20/$X$5 | O20: =J20/$X$6 | P20: =K20/$X$7 | Q20: =L20/$X$8 | R20: =M20/$X$9 | S20: =MAX(N20:R20)
A21: 5 | B21: 2 | C21: =Raw_Data_IF!B7 | D21: =Raw_Data_IF!H7 | E21: =Raw_Data_IF!N7 | F21: =Raw_Data_IF!H7-MEDIAN(Raw_Data_IF!D7:I7) | G21: =Raw_Data_IF!N7-MEDIAN(Raw_Data_IF!J7:O7) | H21: =Raw_Data_IF!H7/MAX(Raw_Data_IF!N7,cfg_if_i_floor) | I21: =ABS(D21-$V$5) | J21: =ABS(E21-$V$6) | K21: =ABS(F21-$V$7) | L21: =ABS(G21-$V$8) | M21: =ABS(H21-$V$9) | N21: =I21/$X$5 | O21: =J21/$X$6 | P21: =K21/$X$7 | Q21: =L21/$X$8 | R21: =M21/$X$9 | S21: =MAX(N21:R21)
A22: 6 | B22: 2 | C22: =Raw_Data_IF!B7 | D22: =Raw_Data_IF!I7 | E22: =Raw_Data_IF!O7 | F22: =Raw_Data_IF!I7-MEDIAN(Raw_Data_IF!D7:I7) | G22: =Raw_Data_IF!O7-MEDIAN(Raw_Data_IF!J7:O7) | H22: =Raw_Data_IF!I7/MAX(Raw_Data_IF!O7,cfg_if_i_floor) | I22: =ABS(D22-$V$5) | J22: =ABS(E22-$V$6) | K22: =ABS(F22-$V$7) | L22: =ABS(G22-$V$8) | M22: =ABS(H22-$V$9) | N22: =I22/$X$5 | O22: =J22/$X$6 | P22: =K22/$X$7 | Q22: =L22/$X$8 | R22: =M22/$X$9 | S22: =MAX(N22:R22)
A23: 1 | B23: 3 | C23: =Raw_Data_IF!B8 | D23: =Raw_Data_IF!D8 | E23: =Raw_Data_IF!J8 | F23: =Raw_Data_IF!D8-MEDIAN(Raw_Data_IF!D8:I8) | G23: =Raw_Data_IF!J8-MEDIAN(Raw_Data_IF!J8:O8) | H23: =Raw_Data_IF!D8/MAX(Raw_Data_IF!J8,cfg_if_i_floor) | I23: =ABS(D23-$V$5) | J23: =ABS(E23-$V$6) | K23: =ABS(F23-$V$7) | L23: =ABS(G23-$V$8) | M23: =ABS(H23-$V$9) | N23: =I23/$X$5 | O23: =J23/$X$6 | P23: =K23/$X$7 | Q23: =L23/$X$8 | R23: =M23/$X$9 | S23: =MAX(N23:R23)
A24: 2 | B24: 3 | C24: =Raw_Data_IF!B8 | D24: =Raw_Data_IF!E8 | E24: =Raw_Data_IF!K8 | F24: =Raw_Data_IF!E8-MEDIAN(Raw_Data_IF!D8:I8) | G24: =Raw_Data_IF!K8-MEDIAN(Raw_Data_IF!J8:O8) | H24: =Raw_Data_IF!E8/MAX(Raw_Data_IF!K8,cfg_if_i_floor) | I24: =ABS(D24-$V$5) | J24: =ABS(E24-$V$6) | K24: =ABS(F24-$V$7) | L24: =ABS(G24-$V$8) | M24: =ABS(H24-$V$9) | N24: =I24/$X$5 | O24: =J24/$X$6 | P24: =K24/$X$7 | Q24: =L24/$X$8 | R24: =M24/$X$9 | S24: =MAX(N24:R24)
A25: 3 | B25: 3 | C25: =Raw_Data_IF!B8 | D25: =Raw_Data_IF!F8 | E25: =Raw_Data_IF!L8 | F25: =Raw_Data_IF!F8-MEDIAN(Raw_Data_IF!D8:I8) | G25: =Raw_Data_IF!L8-MEDIAN(Raw_Data_IF!J8:O8) | H25: =Raw_Data_IF!F8/MAX(Raw_Data_IF!L8,cfg_if_i_floor) | I25: =ABS(D25-$V$5) | J25: =ABS(E25-$V$6) | K25: =ABS(F25-$V$7) | L25: =ABS(G25-$V$8) | M25: =ABS(H25-$V$9) | N25: =I25/$X$5 | O25: =J25/$X$6 | P25: =K25/$X$7 | Q25: =L25/$X$8 | R25: =M25/$X$9 | S25: =MAX(N25:R25)
A26: 4 | B26: 3 | C26: =Raw_Data_IF!B8 | D26: =Raw_Data_IF!G8 | E26: =Raw_Data_IF!M8 | F26: =Raw_Data_IF!G8-MEDIAN(Raw_Data_IF!D8:I8) | G26: =Raw_Data_IF!M8-MEDIAN(Raw_Data_IF!J8:O8) | H26: =Raw_Data_IF!G8/MAX(Raw_Data_IF!M8,cfg_if_i_floor) | I26: =ABS(D26-$V$5) | J26: =ABS(E26-$V$6) | K26: =ABS(F26-$V$7) | L26: =ABS(G26-$V$8) | M26: =ABS(H26-$V$9) | N26: =I26/$X$5 | O26: =J26/$X$6 | P26: =K26/$X$7 | Q26: =L26/$X$8 | R26: =M26/$X$9 | S26: =MAX(N26:R26)
A27: 5 | B27: 3 | C27: =Raw_Data_IF!B8 | D27: =Raw_Data_IF!H8 | E27: =Raw_Data_IF!N8 | F27: =Raw_Data_IF!H8-MEDIAN(Raw_Data_IF!D8:I8) | G27: =Raw_Data_IF!N8-MEDIAN(Raw_Data_IF!J8:O8) | H27: =Raw_Data_IF!H8/MAX(Raw_Data_IF!N8,cfg_if_i_floor) | I27: =ABS(D27-$V$5) | J27: =ABS(E27-$V$6) | K27: =ABS(F27-$V$7) | L27: =ABS(G27-$V$8) | M27: =ABS(H27-$V$9) | N27: =I27/$X$5 | O27: =J27/$X$6 | P27: =K27/$X$7 | Q27: =L27/$X$8 | R27: =M27/$X$9 | S27: =MAX(N27:R27)
A28: 6 | B28: 3 | C28: =Raw_Data_IF!B8 | D28: =Raw_Data_IF!I8 | E28: =Raw_Data_IF!O8 | F28: =Raw_Data_IF!I8-MEDIAN(Raw_Data_IF!D8:I8) | G28: =Raw_Data_IF!O8-MEDIAN(Raw_Data_IF!J8:O8) | H28: =Raw_Data_IF!I8/MAX(Raw_Data_IF!O8,cfg_if_i_floor) | I28: =ABS(D28-$V$5) | J28: =ABS(E28-$V$6) | K28: =ABS(F28-$V$7) | L28: =ABS(G28-$V$8) | M28: =ABS(H28-$V$9) | N28: =I28/$X$5 | O28: =J28/$X$6 | P28: =K28/$X$7 | Q28: =L28/$X$8 | R28: =M28/$X$9 | S28: =MAX(N28:R28)
A29: 1 | B29: 4 | C29: =Raw_Data_IF!B9 | D29: =Raw_Data_IF!D9 | E29: =Raw_Data_IF!J9 | F29: =Raw_Data_IF!D9-MEDIAN(Raw_Data_IF!D9:I9) | G29: =Raw_Data_IF!J9-MEDIAN(Raw_Data_IF!J9:O9) | H29: =Raw_Data_IF!D9/MAX(Raw_Data_IF!J9,cfg_if_i_floor) | I29: =ABS(D29-$V$5) | J29: =ABS(E29-$V$6) | K29: =ABS(F29-$V$7) | L29: =ABS(G29-$V$8) | M29: =ABS(H29-$V$9) | N29: =I29/$X$5 | O29: =J29/$X$6 | P29: =K29/$X$7 | Q29: =L29/$X$8 | R29: =M29/$X$9 | S29: =MAX(N29:R29)
A30: 2 | B30: 4 | C30: =Raw_Data_IF!B9 | D30: =Raw_Data_IF!E9 | E30: =Raw_Data_IF!K9 | F30: =Raw_Data_IF!E9-MEDIAN(Raw_Data_IF!D9:I9) | G30: =Raw_Data_IF!K9-MEDIAN(Raw_Data_IF!J9:O9) | H30: =Raw_Data_IF!E9/MAX(Raw_Data_IF!K9,cfg_if_i_floor) | I30: =ABS(D30-$V$5) | J30: =ABS(E30-$V$6) | K30: =ABS(F30-$V$7) | L30: =ABS(G30-$V$8) | M30: =ABS(H30-$V$9) | N30: =I30/$X$5 | O30: =J30/$X$6 | P30: =K30/$X$7 | Q30: =L30/$X$8 | R30: =M30/$X$9 | S30: =MAX(N30:R30)
A31: 3 | B31: 4 | C31: =Raw_Data_IF!B9 | D31: =Raw_Data_IF!F9 | E31: =Raw_Data_IF!L9 | F31: =Raw_Data_IF!F9-MEDIAN(Raw_Data_IF!D9:I9) | G31: =Raw_Data_IF!L9-MEDIAN(Raw_Data_IF!J9:O9) | H31: =Raw_Data_IF!F9/MAX(Raw_Data_IF!L9,cfg_if_i_floor) | I31: =ABS(D31-$V$5) | J31: =ABS(E31-$V$6) | K31: =ABS(F31-$V$7) | L31: =ABS(G31-$V$8) | M31: =ABS(H31-$V$9) | N31: =I31/$X$5 | O31: =J31/$X$6 | P31: =K31/$X$7 | Q31: =L31/$X$8 | R31: =M31/$X$9 | S31: =MAX(N31:R31)
A32: 4 | B32: 4 | C32: =Raw_Data_IF!B9 | D32: =Raw_Data_IF!G9 | E32: =Raw_Data_IF!M9 | F32: =Raw_Data_IF!G9-MEDIAN(Raw_Data_IF!D9:I9) | G32: =Raw_Data_IF!M9-MEDIAN(Raw_Data_IF!J9:O9) | H32: =Raw_Data_IF!G9/MAX(Raw_Data_IF!M9,cfg_if_i_floor) | I32: =ABS(D32-$V$5) | J32: =ABS(E32-$V$6) | K32: =ABS(F32-$V$7) | L32: =ABS(G32-$V$8) | M32: =ABS(H32-$V$9) | N32: =I32/$X$5 | O32: =J32/$X$6 | P32: =K32/$X$7 | Q32: =L32/$X$8 | R32: =M32/$X$9 | S32: =MAX(N32:R32)
A33: 5 | B33: 4 | C33: =Raw_Data_IF!B9 | D33: =Raw_Data_IF!H9 | E33: =Raw_Data_IF!N9 | F33: =Raw_Data_IF!H9-MEDIAN(Raw_Data_IF!D9:I9) | G33: =Raw_Data_IF!N9-MEDIAN(Raw_Data_IF!J9:O9) | H33: =Raw_Data_IF!H9/MAX(Raw_Data_IF!N9,cfg_if_i_floor) | I33: =ABS(D33-$V$5) | J33: =ABS(E33-$V$6) | K33: =ABS(F33-$V$7) | L33: =ABS(G33-$V$8) | M33: =ABS(H33-$V$9) | N33: =I33/$X$5 | O33: =J33/$X$6 | P33: =K33/$X$7 | Q33: =L33/$X$8 | R33: =M33/$X$9 | S33: =MAX(N33:R33)
A34: 6 | B34: 4 | C34: =Raw_Data_IF!B9 | D34: =Raw_Data_IF!I9 | E34: =Raw_Data_IF!O9 | F34: =Raw_Data_IF!I9-MEDIAN(Raw_Data_IF!D9:I9) | G34: =Raw_Data_IF!O9-MEDIAN(Raw_Data_IF!J9:O9) | H34: =Raw_Data_IF!I9/MAX(Raw_Data_IF!O9,cfg_if_i_floor) | I34: =ABS(D34-$V$5) | J34: =ABS(E34-$V$6) | K34: =ABS(F34-$V$7) | L34: =ABS(G34-$V$8) | M34: =ABS(H34-$V$9) | N34: =I34/$X$5 | O34: =J34/$X$6 | P34: =K34/$X$7 | Q34: =L34/$X$8 | R34: =M34/$X$9 | S34: =MAX(N34:R34)
A35: 1 | B35: 5 | C35: =Raw_Data_IF!B10 | D35: =Raw_Data_IF!D10 | E35: =Raw_Data_IF!J10 | F35: =Raw_Data_IF!D10-MEDIAN(Raw_Data_IF!D10:I10) | G35: =Raw_Data_IF!J10-MEDIAN(Raw_Data_IF!J10:O10) | H35: =Raw_Data_IF!D10/MAX(Raw_Data_IF!J10,cfg_if_i_floor) | I35: =ABS(D35-$V$5) | J35: =ABS(E35-$V$6) | K35: =ABS(F35-$V$7) | L35: =ABS(G35-$V$8) | M35: =ABS(H35-$V$9) | N35: =I35/$X$5 | O35: =J35/$X$6 | P35: =K35/$X$7 | Q35: =L35/$X$8 | R35: =M35/$X$9 | S35: =MAX(N35:R35)
A36: 2 | B36: 5 | C36: =Raw_Data_IF!B10 | D36: =Raw_Data_IF!E10 | E36: =Raw_Data_IF!K10 | F36: =Raw_Data_IF!E10-MEDIAN(Raw_Data_IF!D10:I10) | G36: =Raw_Data_IF!K10-MEDIAN(Raw_Data_IF!J10:O10) | H36: =Raw_Data_IF!E10/MAX(Raw_Data_IF!K10,cfg_if_i_floor) | I36: =ABS(D36-$V$5) | J36: =ABS(E36-$V$6) | K36: =ABS(F36-$V$7) | L36: =ABS(G36-$V$8) | M36: =ABS(H36-$V$9) | N36: =I36/$X$5 | O36: =J36/$X$6 | P36: =K36/$X$7 | Q36: =L36/$X$8 | R36: =M36/$X$9 | S36: =MAX(N36:R36)
A37: 3 | B37: 5 | C37: =Raw_Data_IF!B10 | D37: =Raw_Data_IF!F10 | E37: =Raw_Data_IF!L10 | F37: =Raw_Data_IF!F10-MEDIAN(Raw_Data_IF!D10:I10) | G37: =Raw_Data_IF!L10-MEDIAN(Raw_Data_IF!J10:O10) | H37: =Raw_Data_IF!F10/MAX(Raw_Data_IF!L10,cfg_if_i_floor) | I37: =ABS(D37-$V$5) | J37: =ABS(E37-$V$6) | K37: =ABS(F37-$V$7) | L37: =ABS(G37-$V$8) | M37: =ABS(H37-$V$9) | N37: =I37/$X$5 | O37: =J37/$X$6 | P37: =K37/$X$7 | Q37: =L37/$X$8 | R37: =M37/$X$9 | S37: =MAX(N37:R37)
A38: 4 | B38: 5 | C38: =Raw_Data_IF!B10 | D38: =Raw_Data_IF!G10 | E38: =Raw_Data_IF!M10 | F38: =Raw_Data_IF!G10-MEDIAN(Raw_Data_IF!D10:I10) | G38: =Raw_Data_IF!M10-MEDIAN(Raw_Data_IF!J10:O10) | H38: =Raw_Data_IF!G10/MAX(Raw_Data_IF!M10,cfg_if_i_floor) | I38: =ABS(D38-$V$5) | J38: =ABS(E38-$V$6) | K38: =ABS(F38-$V$7) | L38: =ABS(G38-$V$8) | M38: =ABS(H38-$V$9) | N38: =I38/$X$5 | O38: =J38/$X$6 | P38: =K38/$X$7 | Q38: =L38/$X$8 | R38: =M38/$X$9 | S38: =MAX(N38:R38)
A39: 5 | B39: 5 | C39: =Raw_Data_IF!B10 | D39: =Raw_Data_IF!H10 | E39: =Raw_Data_IF!N10 | F39: =Raw_Data_IF!H10-MEDIAN(Raw_Data_IF!D10:I10) | G39: =Raw_Data_IF!N10-MEDIAN(Raw_Data_IF!J10:O10) | H39: =Raw_Data_IF!H10/MAX(Raw_Data_IF!N10,cfg_if_i_floor) | I39: =ABS(D39-$V$5) | J39: =ABS(E39-$V$6) | K39: =ABS(F39-$V$7) | L39: =ABS(G39-$V$8) | M39: =ABS(H39-$V$9) | N39: =I39/$X$5 | O39: =J39/$X$6 | P39: =K39/$X$7 | Q39: =L39/$X$8 | R39: =M39/$X$9 | S39: =MAX(N39:R39)
A40: 6 | B40: 5 | C40: =Raw_Data_IF!B10 | D40: =Raw_Data_IF!I10 | E40: =Raw_Data_IF!O10 | F40: =Raw_Data_IF!I10-MEDIAN(Raw_Data_IF!D10:I10) | G40: =Raw_Data_IF!O10-MEDIAN(Raw_Data_IF!J10:O10) | H40: =Raw_Data_IF!I10/MAX(Raw_Data_IF!O10,cfg_if_i_floor) | I40: =ABS(D40-$V$5) | J40: =ABS(E40-$V$6) | K40: =ABS(F40-$V$7) | L40: =ABS(G40-$V$8) | M40: =ABS(H40-$V$9) | N40: =I40/$X$5 | O40: =J40/$X$6 | P40: =K40/$X$7 | Q40: =L40/$X$8 | R40: =M40/$X$9 | S40: =MAX(N40:R40)
A41: 1 | B41: 6 | C41: =Raw_Data_IF!B11 | D41: =Raw_Data_IF!D11 | E41: =Raw_Data_IF!J11 | F41: =Raw_Data_IF!D11-MEDIAN(Raw_Data_IF!D11:I11) | G41: =Raw_Data_IF!J11-MEDIAN(Raw_Data_IF!J11:O11) | H41: =Raw_Data_IF!D11/MAX(Raw_Data_IF!J11,cfg_if_i_floor) | I41: =ABS(D41-$V$5) | J41: =ABS(E41-$V$6) | K41: =ABS(F41-$V$7) | L41: =ABS(G41-$V$8) | M41: =ABS(H41-$V$9) | N41: =I41/$X$5 | O41: =J41/$X$6 | P41: =K41/$X$7 | Q41: =L41/$X$8 | R41: =M41/$X$9 | S41: =MAX(N41:R41)
A42: 2 | B42: 6 | C42: =Raw_Data_IF!B11 | D42: =Raw_Data_IF!E11 | E42: =Raw_Data_IF!K11 | F42: =Raw_Data_IF!E11-MEDIAN(Raw_Data_IF!D11:I11) | G42: =Raw_Data_IF!K11-MEDIAN(Raw_Data_IF!J11:O11) | H42: =Raw_Data_IF!E11/MAX(Raw_Data_IF!K11,cfg_if_i_floor) | I42: =ABS(D42-$V$5) | J42: =ABS(E42-$V$6) | K42: =ABS(F42-$V$7) | L42: =ABS(G42-$V$8) | M42: =ABS(H42-$V$9) | N42: =I42/$X$5 | O42: =J42/$X$6 | P42: =K42/$X$7 | Q42: =L42/$X$8 | R42: =M42/$X$9 | S42: =MAX(N42:R42)
A43: 3 | B43: 6 | C43: =Raw_Data_IF!B11 | D43: =Raw_Data_IF!F11 | E43: =Raw_Data_IF!L11 | F43: =Raw_Data_IF!F11-MEDIAN(Raw_Data_IF!D11:I11) | G43: =Raw_Data_IF!L11-MEDIAN(Raw_Data_IF!J11:O11) | H43: =Raw_Data_IF!F11/MAX(Raw_Data_IF!L11,cfg_if_i_floor) | I43: =ABS(D43-$V$5) | J43: =ABS(E43-$V$6) | K43: =ABS(F43-$V$7) | L43: =ABS(G43-$V$8) | M43: =ABS(H43-$V$9) | N43: =I43/$X$5 | O43: =J43/$X$6 | P43: =K43/$X$7 | Q43: =L43/$X$8 | R43: =M43/$X$9 | S43: =MAX(N43:R43)
A44: 4 | B44: 6 | C44: =Raw_Data_IF!B11 | D44: =Raw_Data_IF!G11 | E44: =Raw_Data_IF!M11 | F44: =Raw_Data_IF!G11-MEDIAN(Raw_Data_IF!D11:I11) | G44: =Raw_Data_IF!M11-MEDIAN(Raw_Data_IF!J11:O11) | H44: =Raw_Data_IF!G11/MAX(Raw_Data_IF!M11,cfg_if_i_floor) | I44: =ABS(D44-$V$5) | J44: =ABS(E44-$V$6) | K44: =ABS(F44-$V$7) | L44: =ABS(G44-$V$8) | M44: =ABS(H44-$V$9) | N44: =I44/$X$5 | O44: =J44/$X$6 | P44: =K44/$X$7 | Q44: =L44/$X$8 | R44: =M44/$X$9 | S44: =MAX(N44:R44)
A45: 5 | B45: 6 | C45: =Raw_Data_IF!B11 | D45: =Raw_Data_IF!H11 | E45: =Raw_Data_IF!N11 | F45: =Raw_Data_IF!H11-MEDIAN(Raw_Data_IF!D11:I11) | G45: =Raw_Data_IF!N11-MEDIAN(Raw_Data_IF!J11:O11) | H45: =Raw_Data_IF!H11/MAX(Raw_Data_IF!N11,cfg_if_i_floor) | I45: =ABS(D45-$V$5) | J45: =ABS(E45-$V$6) | K45: =ABS(F45-$V$7) | L45: =ABS(G45-$V$8) | M45: =ABS(H45-$V$9) | N45: =I45/$X$5 | O45: =J45/$X$6 | P45: =K45/$X$7 | Q45: =L45/$X$8 | R45: =M45/$X$9 | S45: =MAX(N45:R45)
A46: 6 | B46: 6 | C46: =Raw_Data_IF!B11 | D46: =Raw_Data_IF!I11 | E46: =Raw_Data_IF!O11 | F46: =Raw_Data_IF!I11-MEDIAN(Raw_Data_IF!D11:I11) | G46: =Raw_Data_IF!O11-MEDIAN(Raw_Data_IF!J11:O11) | H46: =Raw_Data_IF!I11/MAX(Raw_Data_IF!O11,cfg_if_i_floor) | I46: =ABS(D46-$V$5) | J46: =ABS(E46-$V$6) | K46: =ABS(F46-$V$7) | L46: =ABS(G46-$V$8) | M46: =ABS(H46-$V$9) | N46: =I46/$X$5 | O46: =J46/$X$6 | P46: =K46/$X$7 | Q46: =L46/$X$8 | R46: =M46/$X$9 | S46: =MAX(N46:R46)
A47: 1 | B47: 7 | C47: =Raw_Data_IF!B12 | D47: =Raw_Data_IF!D12 | E47: =Raw_Data_IF!J12 | F47: =Raw_Data_IF!D12-MEDIAN(Raw_Data_IF!D12:I12) | G47: =Raw_Data_IF!J12-MEDIAN(Raw_Data_IF!J12:O12) | H47: =Raw_Data_IF!D12/MAX(Raw_Data_IF!J12,cfg_if_i_floor) | I47: =ABS(D47-$V$5) | J47: =ABS(E47-$V$6) | K47: =ABS(F47-$V$7) | L47: =ABS(G47-$V$8) | M47: =ABS(H47-$V$9) | N47: =I47/$X$5 | O47: =J47/$X$6 | P47: =K47/$X$7 | Q47: =L47/$X$8 | R47: =M47/$X$9 | S47: =MAX(N47:R47)
A48: 2 | B48: 7 | C48: =Raw_Data_IF!B12 | D48: =Raw_Data_IF!E12 | E48: =Raw_Data_IF!K12 | F48: =Raw_Data_IF!E12-MEDIAN(Raw_Data_IF!D12:I12) | G48: =Raw_Data_IF!K12-MEDIAN(Raw_Data_IF!J12:O12) | H48: =Raw_Data_IF!E12/MAX(Raw_Data_IF!K12,cfg_if_i_floor) | I48: =ABS(D48-$V$5) | J48: =ABS(E48-$V$6) | K48: =ABS(F48-$V$7) | L48: =ABS(G48-$V$8) | M48: =ABS(H48-$V$9) | N48: =I48/$X$5 | O48: =J48/$X$6 | P48: =K48/$X$7 | Q48: =L48/$X$8 | R48: =M48/$X$9 | S48: =MAX(N48:R48)
A49: 3 | B49: 7 | C49: =Raw_Data_IF!B12 | D49: =Raw_Data_IF!F12 | E49: =Raw_Data_IF!L12 | F49: =Raw_Data_IF!F12-MEDIAN(Raw_Data_IF!D12:I12) | G49: =Raw_Data_IF!L12-MEDIAN(Raw_Data_IF!J12:O12) | H49: =Raw_Data_IF!F12/MAX(Raw_Data_IF!L12,cfg_if_i_floor) | I49: =ABS(D49-$V$5) | J49: =ABS(E49-$V$6) | K49: =ABS(F49-$V$7) | L49: =ABS(G49-$V$8) | M49: =ABS(H49-$V$9) | N49: =I49/$X$5 | O49: =J49/$X$6 | P49: =K49/$X$7 | Q49: =L49/$X$8 | R49: =M49/$X$9 | S49: =MAX(N49:R49)
A50: 4 | B50: 7 | C50: =Raw_Data_IF!B12 | D50: =Raw_Data_IF!G12 | E50: =Raw_Data_IF!M12 | F50: =Raw_Data_IF!G12-MEDIAN(Raw_Data_IF!D12:I12) | G50: =Raw_Data_IF!M12-MEDIAN(Raw_Data_IF!J12:O12) | H50: =Raw_Data_IF!G12/MAX(Raw_Data_IF!M12,cfg_if_i_floor) | I50: =ABS(D50-$V$5) | J50: =ABS(E50-$V$6) | K50: =ABS(F50-$V$7) | L50: =ABS(G50-$V$8) | M50: =ABS(H50-$V$9) | N50: =I50/$X$5 | O50: =J50/$X$6 | P50: =K50/$X$7 | Q50: =L50/$X$8 | R50: =M50/$X$9 | S50: =MAX(N50:R50)
A51: 5 | B51: 7 | C51: =Raw_Data_IF!B12 | D51: =Raw_Data_IF!H12 | E51: =Raw_Data_IF!N12 | F51: =Raw_Data_IF!H12-MEDIAN(Raw_Data_IF!D12:I12) | G51: =Raw_Data_IF!N12-MEDIAN(Raw_Data_IF!J12:O12) | H51: =Raw_Data_IF!H12/MAX(Raw_Data_IF!N12,cfg_if_i_floor) | I51: =ABS(D51-$V$5) | J51: =ABS(E51-$V$6) | K51: =ABS(F51-$V$7) | L51: =ABS(G51-$V$8) | M51: =ABS(H51-$V$9) | N51: =I51/$X$5 | O51: =J51/$X$6 | P51: =K51/$X$7 | Q51: =L51/$X$8 | R51: =M51/$X$9 | S51: =MAX(N51:R51)
A52: 6 | B52: 7 | C52: =Raw_Data_IF!B12 | D52: =Raw_Data_IF!I12 | E52: =Raw_Data_IF!O12 | F52: =Raw_Data_IF!I12-MEDIAN(Raw_Data_IF!D12:I12) | G52: =Raw_Data_IF!O12-MEDIAN(Raw_Data_IF!J12:O12) | H52: =Raw_Data_IF!I12/MAX(Raw_Data_IF!O12,cfg_if_i_floor) | I52: =ABS(D52-$V$5) | J52: =ABS(E52-$V$6) | K52: =ABS(F52-$V$7) | L52: =ABS(G52-$V$8) | M52: =ABS(H52-$V$9) | N52: =I52/$X$5 | O52: =J52/$X$6 | P52: =K52/$X$7 | Q52: =L52/$X$8 | R52: =M52/$X$9 | S52: =MAX(N52:R52)
A53: 1 | B53: 8 | C53: =Raw_Data_IF!B13 | D53: =Raw_Data_IF!D13 | E53: =Raw_Data_IF!J13 | F53: =Raw_Data_IF!D13-MEDIAN(Raw_Data_IF!D13:I13) | G53: =Raw_Data_IF!J13-MEDIAN(Raw_Data_IF!J13:O13) | H53: =Raw_Data_IF!D13/MAX(Raw_Data_IF!J13,cfg_if_i_floor) | I53: =ABS(D53-$V$5) | J53: =ABS(E53-$V$6) | K53: =ABS(F53-$V$7) | L53: =ABS(G53-$V$8) | M53: =ABS(H53-$V$9) | N53: =I53/$X$5 | O53: =J53/$X$6 | P53: =K53/$X$7 | Q53: =L53/$X$8 | R53: =M53/$X$9 | S53: =MAX(N53:R53)
A54: 2 | B54: 8 | C54: =Raw_Data_IF!B13 | D54: =Raw_Data_IF!E13 | E54: =Raw_Data_IF!K13 | F54: =Raw_Data_IF!E13-MEDIAN(Raw_Data_IF!D13:I13) | G54: =Raw_Data_IF!K13-MEDIAN(Raw_Data_IF!J13:O13) | H54: =Raw_Data_IF!E13/MAX(Raw_Data_IF!K13,cfg_if_i_floor) | I54: =ABS(D54-$V$5) | J54: =ABS(E54-$V$6) | K54: =ABS(F54-$V$7) | L54: =ABS(G54-$V$8) | M54: =ABS(H54-$V$9) | N54: =I54/$X$5 | O54: =J54/$X$6 | P54: =K54/$X$7 | Q54: =L54/$X$8 | R54: =M54/$X$9 | S54: =MAX(N54:R54)
A55: 3 | B55: 8 | C55: =Raw_Data_IF!B13 | D55: =Raw_Data_IF!F13 | E55: =Raw_Data_IF!L13 | F55: =Raw_Data_IF!F13-MEDIAN(Raw_Data_IF!D13:I13) | G55: =Raw_Data_IF!L13-MEDIAN(Raw_Data_IF!J13:O13) | H55: =Raw_Data_IF!F13/MAX(Raw_Data_IF!L13,cfg_if_i_floor) | I55: =ABS(D55-$V$5) | J55: =ABS(E55-$V$6) | K55: =ABS(F55-$V$7) | L55: =ABS(G55-$V$8) | M55: =ABS(H55-$V$9) | N55: =I55/$X$5 | O55: =J55/$X$6 | P55: =K55/$X$7 | Q55: =L55/$X$8 | R55: =M55/$X$9 | S55: =MAX(N55:R55)
A56: 4 | B56: 8 | C56: =Raw_Data_IF!B13 | D56: =Raw_Data_IF!G13 | E56: =Raw_Data_IF!M13 | F56: =Raw_Data_IF!G13-MEDIAN(Raw_Data_IF!D13:I13) | G56: =Raw_Data_IF!M13-MEDIAN(Raw_Data_IF!J13:O13) | H56: =Raw_Data_IF!G13/MAX(Raw_Data_IF!M13,cfg_if_i_floor) | I56: =ABS(D56-$V$5) | J56: =ABS(E56-$V$6) | K56: =ABS(F56-$V$7) | L56: =ABS(G56-$V$8) | M56: =ABS(H56-$V$9) | N56: =I56/$X$5 | O56: =J56/$X$6 | P56: =K56/$X$7 | Q56: =L56/$X$8 | R56: =M56/$X$9 | S56: =MAX(N56:R56)
A57: 5 | B57: 8 | C57: =Raw_Data_IF!B13 | D57: =Raw_Data_IF!H13 | E57: =Raw_Data_IF!N13 | F57: =Raw_Data_IF!H13-MEDIAN(Raw_Data_IF!D13:I13) | G57: =Raw_Data_IF!N13-MEDIAN(Raw_Data_IF!J13:O13) | H57: =Raw_Data_IF!H13/MAX(Raw_Data_IF!N13,cfg_if_i_floor) | I57: =ABS(D57-$V$5) | J57: =ABS(E57-$V$6) | K57: =ABS(F57-$V$7) | L57: =ABS(G57-$V$8) | M57: =ABS(H57-$V$9) | N57: =I57/$X$5 | O57: =J57/$X$6 | P57: =K57/$X$7 | Q57: =L57/$X$8 | R57: =M57/$X$9 | S57: =MAX(N57:R57)
A58: 6 | B58: 8 | C58: =Raw_Data_IF!B13 | D58: =Raw_Data_IF!I13 | E58: =Raw_Data_IF!O13 | F58: =Raw_Data_IF!I13-MEDIAN(Raw_Data_IF!D13:I13) | G58: =Raw_Data_IF!O13-MEDIAN(Raw_Data_IF!J13:O13) | H58: =Raw_Data_IF!I13/MAX(Raw_Data_IF!O13,cfg_if_i_floor) | I58: =ABS(D58-$V$5) | J58: =ABS(E58-$V$6) | K58: =ABS(F58-$V$7) | L58: =ABS(G58-$V$8) | M58: =ABS(H58-$V$9) | N58: =I58/$X$5 | O58: =J58/$X$6 | P58: =K58/$X$7 | Q58: =L58/$X$8 | R58: =M58/$X$9 | S58: =MAX(N58:R58)
A59: 1 | B59: 9 | C59: =Raw_Data_IF!B14 | D59: =Raw_Data_IF!D14 | E59: =Raw_Data_IF!J14 | F59: =Raw_Data_IF!D14-MEDIAN(Raw_Data_IF!D14:I14) | G59: =Raw_Data_IF!J14-MEDIAN(Raw_Data_IF!J14:O14) | H59: =Raw_Data_IF!D14/MAX(Raw_Data_IF!J14,cfg_if_i_floor) | I59: =ABS(D59-$V$5) | J59: =ABS(E59-$V$6) | K59: =ABS(F59-$V$7) | L59: =ABS(G59-$V$8) | M59: =ABS(H59-$V$9) | N59: =I59/$X$5 | O59: =J59/$X$6 | P59: =K59/$X$7 | Q59: =L59/$X$8 | R59: =M59/$X$9 | S59: =MAX(N59:R59)
A60: 2 | B60: 9 | C60: =Raw_Data_IF!B14 | D60: =Raw_Data_IF!E14 | E60: =Raw_Data_IF!K14 | F60: =Raw_Data_IF!E14-MEDIAN(Raw_Data_IF!D14:I14) | G60: =Raw_Data_IF!K14-MEDIAN(Raw_Data_IF!J14:O14) | H60: =Raw_Data_IF!E14/MAX(Raw_Data_IF!K14,cfg_if_i_floor) | I60: =ABS(D60-$V$5) | J60: =ABS(E60-$V$6) | K60: =ABS(F60-$V$7) | L60: =ABS(G60-$V$8) | M60: =ABS(H60-$V$9) | N60: =I60/$X$5 | O60: =J60/$X$6 | P60: =K60/$X$7 | Q60: =L60/$X$8 | R60: =M60/$X$9 | S60: =MAX(N60:R60)
A61: 3 | B61: 9 | C61: =Raw_Data_IF!B14 | D61: =Raw_Data_IF!F14 | E61: =Raw_Data_IF!L14 | F61: =Raw_Data_IF!F14-MEDIAN(Raw_Data_IF!D14:I14) | G61: =Raw_Data_IF!L14-MEDIAN(Raw_Data_IF!J14:O14) | H61: =Raw_Data_IF!F14/MAX(Raw_Data_IF!L14,cfg_if_i_floor) | I61: =ABS(D61-$V$5) | J61: =ABS(E61-$V$6) | K61: =ABS(F61-$V$7) | L61: =ABS(G61-$V$8) | M61: =ABS(H61-$V$9) | N61: =I61/$X$5 | O61: =J61/$X$6 | P61: =K61/$X$7 | Q61: =L61/$X$8 | R61: =M61/$X$9 | S61: =MAX(N61:R61)
A62: 4 | B62: 9 | C62: =Raw_Data_IF!B14 | D62: =Raw_Data_IF!G14 | E62: =Raw_Data_IF!M14 | F62: =Raw_Data_IF!G14-MEDIAN(Raw_Data_IF!D14:I14) | G62: =Raw_Data_IF!M14-MEDIAN(Raw_Data_IF!J14:O14) | H62: =Raw_Data_IF!G14/MAX(Raw_Data_IF!M14,cfg_if_i_floor) | I62: =ABS(D62-$V$5) | J62: =ABS(E62-$V$6) | K62: =ABS(F62-$V$7) | L62: =ABS(G62-$V$8) | M62: =ABS(H62-$V$9) | N62: =I62/$X$5 | O62: =J62/$X$6 | P62: =K62/$X$7 | Q62: =L62/$X$8 | R62: =M62/$X$9 | S62: =MAX(N62:R62)
A63: 5 | B63: 9 | C63: =Raw_Data_IF!B14 | D63: =Raw_Data_IF!H14 | E63: =Raw_Data_IF!N14 | F63: =Raw_Data_IF!H14-MEDIAN(Raw_Data_IF!D14:I14) | G63: =Raw_Data_IF!N14-MEDIAN(Raw_Data_IF!J14:O14) | H63: =Raw_Data_IF!H14/MAX(Raw_Data_IF!N14,cfg_if_i_floor) | I63: =ABS(D63-$V$5) | J63: =ABS(E63-$V$6) | K63: =ABS(F63-$V$7) | L63: =ABS(G63-$V$8) | M63: =ABS(H63-$V$9) | N63: =I63/$X$5 | O63: =J63/$X$6 | P63: =K63/$X$7 | Q63: =L63/$X$8 | R63: =M63/$X$9 | S63: =MAX(N63:R63)
A64: 6 | B64: 9 | C64: =Raw_Data_IF!B14 | D64: =Raw_Data_IF!I14 | E64: =Raw_Data_IF!O14 | F64: =Raw_Data_IF!I14-MEDIAN(Raw_Data_IF!D14:I14) | G64: =Raw_Data_IF!O14-MEDIAN(Raw_Data_IF!J14:O14) | H64: =Raw_Data_IF!I14/MAX(Raw_Data_IF!O14,cfg_if_i_floor) | I64: =ABS(D64-$V$5) | J64: =ABS(E64-$V$6) | K64: =ABS(F64-$V$7) | L64: =ABS(G64-$V$8) | M64: =ABS(H64-$V$9) | N64: =I64/$X$5 | O64: =J64/$X$6 | P64: =K64/$X$7 | Q64: =L64/$X$8 | R64: =M64/$X$9 | S64: =MAX(N64:R64)
A65: 1 | B65: 10 | C65: =Raw_Data_IF!B15 | D65: =Raw_Data_IF!D15 | E65: =Raw_Data_IF!J15 | F65: =Raw_Data_IF!D15-MEDIAN(Raw_Data_IF!D15:I15) | G65: =Raw_Data_IF!J15-MEDIAN(Raw_Data_IF!J15:O15) | H65: =Raw_Data_IF!D15/MAX(Raw_Data_IF!J15,cfg_if_i_floor) | I65: =ABS(D65-$V$5) | J65: =ABS(E65-$V$6) | K65: =ABS(F65-$V$7) | L65: =ABS(G65-$V$8) | M65: =ABS(H65-$V$9) | N65: =I65/$X$5 | O65: =J65/$X$6 | P65: =K65/$X$7 | Q65: =L65/$X$8 | R65: =M65/$X$9 | S65: =MAX(N65:R65)
A66: 2 | B66: 10 | C66: =Raw_Data_IF!B15 | D66: =Raw_Data_IF!E15 | E66: =Raw_Data_IF!K15 | F66: =Raw_Data_IF!E15-MEDIAN(Raw_Data_IF!D15:I15) | G66: =Raw_Data_IF!K15-MEDIAN(Raw_Data_IF!J15:O15) | H66: =Raw_Data_IF!E15/MAX(Raw_Data_IF!K15,cfg_if_i_floor) | I66: =ABS(D66-$V$5) | J66: =ABS(E66-$V$6) | K66: =ABS(F66-$V$7) | L66: =ABS(G66-$V$8) | M66: =ABS(H66-$V$9) | N66: =I66/$X$5 | O66: =J66/$X$6 | P66: =K66/$X$7 | Q66: =L66/$X$8 | R66: =M66/$X$9 | S66: =MAX(N66:R66)
A67: 3 | B67: 10 | C67: =Raw_Data_IF!B15 | D67: =Raw_Data_IF!F15 | E67: =Raw_Data_IF!L15 | F67: =Raw_Data_IF!F15-MEDIAN(Raw_Data_IF!D15:I15) | G67: =Raw_Data_IF!L15-MEDIAN(Raw_Data_IF!J15:O15) | H67: =Raw_Data_IF!F15/MAX(Raw_Data_IF!L15,cfg_if_i_floor) | I67: =ABS(D67-$V$5) | J67: =ABS(E67-$V$6) | K67: =ABS(F67-$V$7) | L67: =ABS(G67-$V$8) | M67: =ABS(H67-$V$9) | N67: =I67/$X$5 | O67: =J67/$X$6 | P67: =K67/$X$7 | Q67: =L67/$X$8 | R67: =M67/$X$9 | S67: =MAX(N67:R67)
A68: 4 | B68: 10 | C68: =Raw_Data_IF!B15 | D68: =Raw_Data_IF!G15 | E68: =Raw_Data_IF!M15 | F68: =Raw_Data_IF!G15-MEDIAN(Raw_Data_IF!D15:I15) | G68: =Raw_Data_IF!M15-MEDIAN(Raw_Data_IF!J15:O15) | H68: =Raw_Data_IF!G15/MAX(Raw_Data_IF!M15,cfg_if_i_floor) | I68: =ABS(D68-$V$5) | J68: =ABS(E68-$V$6) | K68: =ABS(F68-$V$7) | L68: =ABS(G68-$V$8) | M68: =ABS(H68-$V$9) | N68: =I68/$X$5 | O68: =J68/$X$6 | P68: =K68/$X$7 | Q68: =L68/$X$8 | R68: =M68/$X$9 | S68: =MAX(N68:R68)
A69: 5 | B69: 10 | C69: =Raw_Data_IF!B15 | D69: =Raw_Data_IF!H15 | E69: =Raw_Data_IF!N15 | F69: =Raw_Data_IF!H15-MEDIAN(Raw_Data_IF!D15:I15) | G69: =Raw_Data_IF!N15-MEDIAN(Raw_Data_IF!J15:O15) | H69: =Raw_Data_IF!H15/MAX(Raw_Data_IF!N15,cfg_if_i_floor) | I69: =ABS(D69-$V$5) | J69: =ABS(E69-$V$6) | K69: =ABS(F69-$V$7) | L69: =ABS(G69-$V$8) | M69: =ABS(H69-$V$9) | N69: =I69/$X$5 | O69: =J69/$X$6 | P69: =K69/$X$7 | Q69: =L69/$X$8 | R69: =M69/$X$9 | S69: =MAX(N69:R69)
